ID,Member,PARTY,CONSTITUENCY,Cost of staying away from main home (2nd home),London costs,Office running costs,Staffing costs,Travel,Centrally provided stationary/postage,Staff cover & other,Comms allowance,"TOTAL CLAIMED, 08/09",TOTAL CLAIMED 07/08,"% change, 07/08 to 08/09",2nd home allowance claim 2007/08,"% change in second home claime, 07/08 to 08/09"
1,Diane Abbott,Labour,Hackney North & Stoke Newington,0,"2,916","14,225","105,341",234,"6,271","1,243","12,233","142,463","131,735",8,0
2,Gerry Adams,Sinn Fein,West Belfast,"21,600",0,"19,758","98,876","2,398",0,0,0,"142,632","137,943",3,"21,131",2
3,Adam Afriyie,Conservative,Windsor,0,0,"18,660","102,205",0,"3,385",0,0,"124,250","104,652",19,0
4,Nick Ainger,Labour,Carmarthen West & Pembrokeshire South,"11,139",0,"14,806","93,654","9,065","5,074",0,"7,154","140,892","146,530",4,"15,385",-28
5,Robert Ainsworth,Labour,Coventry North East,"20,304",0,"21,180","86,639","5,526","2,301",0,"10,379","146,329","134,515",9,"23,083",-12
6,Peter Ainsworth,Conservative,Surrey East,"10,265",0,"11,062","96,582","2,341","1,806",0,"8,713","130,769","138,415",6,"12,363",-17
7,Danny Alexander,Liberal Democrat,"Inverness, Nairn, Badenoch and Strathspey","21,980",0,"22,878","89,951","32,949","4,183",0,"15,684","187,625","168,478",11,"23,083",-5
8,Douglas Alexander,Labour,Paisley & Renfrewshire South,"10,262",0,"15,026","67,297","11,675","5,990",0,"8,487","118,737","134,127",11,"17,169",-40
9,Graham Allen,Labour,Nottingham North,"23,935",0,"25,753","95,486","16,903","6,942","4,292","10,176","183,487","171,198",7,"22,945",4
10,David Amess,Conservative,Southend West,"19,968",0,"7,669","85,785","6,762","5,332",0,"11,776","137,292","137,748",0,"23,063",-13
11,Michael Ancram,Conservative,Devizes,"10,766",0,"8,063","102,968","10,007","2,641",0,0,"134,445","135,695",1,"15,756",-32
12,David Anderson,Labour,Blaydon,"22,891",0,"12,834","93,533","14,066","4,346",0,"9,668","157,339","157,094",0,"21,652",6
13,Janet Anderson,Labour,Rossendale & Darwen,"24,006",0,"25,463","96,897","14,632","4,153",0,"9,710","174,861","173,556",1,"23,039",4
14,James Arbuthnot,Conservative,Hampshire North East,"24,006",0,"12,315","92,471","4,566","1,799","1,829","9,057","146,043","146,192",0,"23,083",4
15,Hilary Armstrong,Labour,Durham North West,"8,970",0,"13,225","89,533","17,032","6,966",0,"11,818","147,544","137,636",7,"11,712",-23
16,Charlotte Atkins,Labour,Staffordshire Moorlands,"18,194",0,"21,521","100,325","11,711","6,984",0,"10,950","169,684","164,458",3,"23,083",-21
17,Peter Atkinson,Conservative,Hexham,"24,006",0,"19,620","90,698","13,050","1,806",0,"5,115","154,295","150,370",3,"23,083",4
18,Ian Austin,Labour,Dudley North,"23,262",0,"22,029","91,887","10,330","6,999",0,"11,917","166,424","155,163",7,"21,925",6
19,John Austin,Labour,Erith & Thamesmead,"21,395",0,"10,923","111,422","1,439","1,802",0,"6,939","153,920","145,285",6,"23,083",-7
20,Richard Bacon,Conservative,Norfolk South,"24,006",0,"26,813","94,747","8,166","5,240",0,"7,145","166,116","147,498",13,"20,888",15
21,Adrian Bailey,Labour,West Bromwich West,"23,311",0,"15,610","105,826","6,441","1,598",0,"1,665","154,451","152,897",1,"22,862",2
22,Vera Baird,Labour,Redcar,"15,425",0,"18,152","99,595","10,024","1,321",0,"4,526","149,043","151,975",2,"19,728",-22
23,Norman Baker,Liberal Democrat,Lewes,"22,133",0,"26,700","95,698","6,033","6,260",0,"9,159","165,983","152,212",9,"21,862",1
24,Tony Baldry,Conservative,Banbury,"7,829",0,"14,379","92,828","4,559","3,739",0,"21,856","145,190","147,144",1,"23,083",-66
25,Ed Balls,Labour,Normanton,"11,840",0,"27,747","88,777","13,705","5,569",0,"12,147","159,784","155,526",3,"12,219",-3
26,Gordon Banks,Labour,Ochil and South Perthshire,"21,148",0,"21,139","98,915","17,125","6,300",0,"8,839","173,466","171,106",1,"23,083",-8
27,Gregory Barker,Conservative,Bexhill & Battle,"22,880",0,"25,957","91,652","6,321","4,243","2,348","10,399","163,799","160,630",2,"21,700",5
28,Celia Barlow,Labour,Hove,0,0,"20,443","94,395","6,135","5,083",0,"15,407","141,463","134,309",5,0
29,John Baron,Conservative,Billericay,"18,748",0,"13,263","102,388","2,945","6,965",0,"12,023","156,332","156,257",0,"23,083",-19
30,John Barrett,Liberal Democrat,Edinburgh West,"23,377",0,"26,970","84,130","13,767","4,023","2,912","13,016","168,195","154,441",9,"22,663",3
31,Kevin Barron,Labour,Rother Valley,"24,006",0,"14,188","85,346","6,718",472,0,"6,714","137,444","154,784",11,"23,083",4
32,John Battle,Labour,Leeds West,"9,995",0,"17,245","105,152","12,027","3,100","6,988","9,124","163,632","156,214",5,"18,819",-47
33,Hugh Bayley,Labour,City of York,"24,006",0,"20,113","101,767","16,752","6,931",0,"6,666","176,235","163,319",8,"23,083",4
34,Margaret Beckett,Labour,Derby South,"7,852",0,"6,584","112,213",619,"4,788",0,0,"132,056","137,206",4,"16,974",-54
35,Anne Begg,Labour,Aberdeen South,"22,579",0,"21,033","87,062","16,026","6,940","4,306","10,631","168,578","166,793",1,"22,116",2
36,Alan Beith,Liberal Democrat,Berwick-upon-Tweed,"13,459",0,"11,978","95,277","12,207","5,246",0,"15,490","153,657","152,563",1,"17,686",-24
37,Henry Bellingham,Conservative,Norfolk North West,"20,951",0,"14,945","96,795","6,995","5,493",0,50,"145,230","140,359",3,"22,350",-6
38,Stuart Bell,Labour,Middlesbrough,"23,368",0,"4,037","81,204","20,340",762,0,"8,764","138,476","133,933",3,"22,934",2
39,Hilary Benn,Labour,Leeds Central,"10,446",0,"15,877","68,755","11,504","4,654",0,"13,155","124,391","103,877",20,"11,631",-10
40,Joseph Benton,Labour,Bootle,"7,630",0,"9,666","93,191","8,851","1,814",0,0,"121,152","112,338",8,"8,363",-9
41,Richard Benyon,Conservative,Newbury,0,0,"14,668","89,428","3,511","2,896",0,"9,086","119,588","105,728",13,0
42,John Bercow,Conservative,Buckingham,"21,987",0,"8,931","38,307","4,749","2,998",0,"9,372","86,344","103,436",17,"23,083",-5
43,Paul Beresford,Conservative,Mole Valley,0,0,"15,217","91,750","4,215","2,275",0,"11,649","125,105","129,274",3,"3,521",-100
44,Roger Berry,Labour,Kingswood,"14,552",0,"20,512","89,540","5,548","5,114",0,"8,742","144,008","148,799",3,"20,781",-30
45,Clive Betts,Labour,Sheffield Attercliffe,"22,105",0,"23,202","97,443","11,054","5,222",0,"10,708","169,734","163,255",4,"23,081",-4
46,Brian Binley,Conservative,Northampton South,"21,100",0,"19,120","85,646","4,589","2,638",0,"11,006","144,099","143,106",1,"21,700",-3
47,Liz Blackman,Labour,Erewash,"21,680",0,"20,039","100,549","5,773","6,216","2,681","10,346","167,284","154,567",8,"22,588",-4
48,Hazel Blears,Labour,Salford,"17,352",0,"13,766","80,765","17,148","3,271","9,524","11,554","153,380","164,791",7,"23,083",-25
49,Bob Blizzard,Labour,Waveney,"22,931",0,"16,484","103,910","5,845","6,886",0,"12,327","168,384","157,719",7,"23,082",-1
50,Crispin Blunt,Conservative,Reigate,"23,977",0,"13,380","101,829","3,262","3,667",0,"1,473","147,587","140,663",5,"23,083",4
51,David Blunkett,Labour,Sheffield Brightside,"21,363",0,"25,215","95,661","4,040","6,549",0,"10,470","163,298","147,572",11,"23,083",-7
52,Peter Bone,Conservative,Wellingborough,"22,447",0,"13,152","109,184","6,328","3,245","4,368","10,245","168,969","158,669",6,"23,061",-3
53,David Borrow,Labour,Ribble South,"23,605",0,"19,270","103,117","10,353","5,426",0,"10,400","172,171","172,706",0,"23,083",2
54,Tim Boswell,Conservative,Daventry,"4,727",0,"13,208","93,022","2,625","3,167",0,"4,570","121,320","131,781",8,"6,332",-25
55,Peter Bottomley,Conservative,Worthing West,"11,698",0,"10,863","102,366","3,992","1,989",0,"1,839","132,747","126,603",5,"23,083",-49
56,Ben Bradshaw,Labour,Exeter,"18,144",0,"17,239","88,993","4,514","5,309",0,"3,908","138,107","141,595",2,"19,715",-8
57,Graham Brady,Conservative,Altrincham & Sale West,"23,821",0,"15,720","92,691","9,870","2,896",0,0,"144,998","145,627",0,"23,083",3
58,Tom Brake,Liberal Democrat,Carshalton & Wallington,0,"2,916","25,656","96,741","2,232","3,766",0,"10,226","141,537","129,781",9,0
59,Julian Brazier,Conservative,Canterbury,"18,917",0,"16,181","95,866","4,880","4,384",0,"4,225","144,453","134,800",7,"15,071",26
60,Colin Breed,Liberal Democrat,Cornwall South East,"16,816",0,"23,241","82,543","9,770","2,716",0,"10,115","145,201","138,371",5,"17,807",-6
61,Kevin Brennan,Labour,Cardiff West,"23,312",0,"14,366","69,617","10,805","2,576",0,"11,454","132,130","127,600",4,"23,083",1
62,James Brokenshire,Conservative,Hornchurch,151,0,"12,872","92,697","2,253","2,102",0,"2,871","112,946","109,215",3,368,-59
63,Annette Brooke,Liberal Democrat,Dorset Mid & Poole North,"16,605",0,"18,672","90,153","3,681","3,370",0,"9,023","141,504","132,921",6,"16,285",2
64,Angela Browning,Conservative,Tiverton & Honiton,"23,978",0,"9,722","102,652","6,890","4,547",0,17,"147,806","154,738",4,"22,873",5
65,Des Browne,Labour,Kilmarnock & Loudoun,"19,996",0,"15,616","95,842","12,762","3,262",0,"2,604","150,083","146,941",2,"17,691",13
66,Gordon Brown,Labour,Kirkcaldy & Cowdenbeath,"9,492",0,"12,794","97,983","13,023","1,739",0,"1,887","136,919","124,454",10,"17,073",-44
67,Jeremy Browne,Liberal Democrat,Taunton,"21,376",0,"22,019","100,086","8,960","6,397","5,580","9,684","174,102","161,136",8,"23,074",-7
68,Lyn Brown,Labour,West Ham,"21,595",0,"15,031","105,030",474,"6,978",0,"7,053","156,160","140,537",11,"15,889",36
69,Nicholas Brown,Labour,Newcastle upon Tyne East and Wallsend,"15,455",0,"9,277","95,720","11,256","5,389",0,"12,466","149,562","165,315",10,"23,068",-33
70,Russell Brown,Labour,Dumfries and Galloway,"19,522",0,"22,938","93,358","13,541","4,248",0,"10,423","164,030","165,025",1,"19,908",-2
71,Malcolm Bruce,Liberal Democrat,Gordon,"22,816",0,"16,786","100,197","21,232","2,202",0,"14,997","178,231","170,910",4,"23,083",-1
72,Chris Bryant,Labour,Rhondda,"23,367",0,"17,009","94,299","12,958","4,443",0,"7,759","159,835","150,401",6,"23,083",1
73,Karen Buck,Labour,Regent's Park & Kensington North,0,"2,916","22,131","98,509",948,"6,999",0,"9,965","141,467","133,234",6,0
74,Richard Burden,Labour,Birmingham Northfield,"14,988",0,"20,574","97,357","11,636","4,616","12,565","8,366","170,102","164,252",4,"21,061",-29
75,Colin Burgon,Labour,Elmet,"22,600",0,"20,720","97,648","9,670","2,448",0,"4,289","157,375","157,931",0,"22,500",0
76,Andy Burnham,Labour,Leigh,"12,301",0,"19,766","89,969","10,454","2,322",0,993,"135,805","127,804",6,"10,504",17
77,Simon Burns,Conservative,Chelmsford West,"15,949",0,"14,107","89,547","4,708","3,439",0,"7,659","135,409","135,537",0,"18,908",-16
78,David Burrowes,Conservative,Enfield Southgate,0,"2,916","17,153","104,635","3,094","2,882","2,246","6,621","139,547","126,967",10,0
79,Paul Burstow,Liberal Democrat,Sutton & Cheam,0,"2,916","11,160","97,629","2,325","4,859",0,"16,158","135,047","128,666",5,0
80,Alastair Burt,Conservative,North East Bedfordshire,"23,786",0,"17,537","97,104","7,612","4,082",0,"8,603","158,725"
81,Lorely Burt,Liberal Democrat,Solihull,"21,307",0,"20,143","102,907","5,734","3,079",0,"10,232","163,402","149,002",10,"21,398",0
82,Dawn Butler,Labour,Brent South,"5,976",243,"11,977","96,461",0,"6,829",0,"12,519","134,005","151,515",12,"23,083",-74
83,John Butterfill,Conservative,Bournemouth West,"18,882",0,"16,983","85,984","5,511","2,037",0,297,"129,694","127,214",2,"22,877",-17
84,Stephen Byers,Labour,Tyneside North,"8,654",0,"11,351","64,386","15,079","6,988",0,"6,008","112,466","125,369",10,"18,091",-52
85,Liam Byrne,Labour,Birmingham Hodge Hill,"22,963",0,"25,970","96,399","6,404","6,717",0,"10,271","168,725","164,024",3,"23,083",-1
86,Vince Cable,Liberal Democrat,Twickenham,0,"2,916","21,794","98,878","2,740","3,941",0,"11,086","141,355","126,140",12,0
87,Richard Caborn,Labour,Sheffield Central,"19,621",0,"15,854","97,403","19,383","2,254",0,"6,834","161,349","157,059",3,"21,755",-10
88,David Cairns,Labour,Inverclyde,"16,034",0,"16,269","78,552","14,669","3,400",0,"9,141","138,065","145,976",5,"23,075",-31
89,David Cameron,Conservative,Witney,"20,240",0,"8,942","109,815","1,562","4,458","5,844","1,318","152,179","148,829",2,"19,626",3
90,Alan Campbell,Labour,Tynemouth,"16,887",0,"24,325","84,501","17,034","5,712",0,"13,808","162,267","158,648",2,"21,188",-20
91,Gregory Campbell,DUP,East Londonderry,"16,675",0,"4,516","80,146","20,298","1,193",0,525,"123,353","136,213",9,"23,083",-28
92,Menzies Campbell,Liberal Democrat,Fife North East,"15,041",0,"12,764","95,751","18,099","2,950","7,294","9,072","160,971","157,112",2,"22,570",-33
93,Ronnie Campbell,Labour,Blyth Valley,"23,854",0,"27,092","81,457","12,037","2,915",0,"10,437","157,792","161,713",2,"23,083",3
94,Alistair Carmichael,Liberal Democrat,Orkney and Shetland,"19,372",0,"20,962","76,696","35,472","2,975",0,"2,174","157,650","176,190",11,"23,083",-16
95,Douglas Carswell,Conservative,Harwich,"24,006",0,"16,040","98,355","6,978","4,314",0,"13,882","163,575","153,378",7,"23,083",4
96,William Cash,Conservative,Stone,"19,773",0,"19,964","79,905","11,593",917,0,"8,675","140,827","137,579",2,"22,312",-11
97,Martin Caton,Labour,Gower,"8,405",0,"16,885","87,414","6,893","4,335",0,"8,726","132,658","131,324",1,"13,022",-35
98,Ian Cawsey,Labour,Brigg & Goole,"3,875",0,"18,261","86,397","14,709",852,0,"8,317","132,411","159,935",17,"18,050",-79
99,Colin Challen,Labour,Morley & Rothwell,"15,976",0,"15,246","105,745","19,870","3,066",0,103,"160,005","146,363",9,"11,412",40
100,Ben Chapman,Labour,Wirral South,"22,260",0,"23,869","86,959","14,058","6,666",0,"13,123","166,935","164,699",1,"23,083",-4
101,David Chaytor,Labour,Bury North,"24,006",0,"19,767","101,714","11,512","3,909","9,323","11,103","181,334","156,209",16,"21,584",11
102,Christopher Chope,Conservative,Christchurch,"19,934",0,"9,535","78,113","5,696","1,556",0,0,"114,834","136,992",16,"22,792",-13
103,James Clappison,Conservative,Hertsmere,"9,310",0,"14,352","102,895","8,296",819,0,"12,459","148,131","149,498",1,"15,916",-42
104,Michael Clapham,Labour,Barnsley West & Penistone,"22,005",0,"9,216","63,930","7,523","1,710","2,247",885,"107,517","106,710",1,"20,256",9
105,Charles Clarke,Labour,Norwich South,"23,332",0,"21,508","100,732","9,513","6,111",0,"10,143","171,339","162,220",6,"23,083",1
106,Greg Clark,Conservative,Tunbridge Wells,"3,000",0,"7,409","114,909","3,834","3,006",0,"5,949","138,108","131,754",5,"23,000",-87
107,Katy Clark,Labour,Ayrshire North and Arran,"17,700",0,"24,432","88,278","11,986","5,520",0,"9,023","156,938","156,852",0,"16,661",6
108,Kenneth Clarke,Conservative,Rushcliffe,"14,895",0,"8,962","92,267","5,916","3,479",0,"2,606","128,125","123,076",4,"17,565",-15
109,Paul Clark,Labour,Gillingham,"19,862",0,"21,162","91,582","3,373","6,292",0,"10,414","152,685","143,402",6,"22,204",-11
110,Tom Clarke,Labour,"Coatbridge, Chryston and Bellshill","12,905",0,"11,829","104,094","12,788","3,382",0,"11,979","156,976","155,970",1,"16,264",-21
111,Nick Clegg,Liberal Democrat,Sheffield Hallam,"17,081",0,"23,133","94,212","5,766","3,171",0,"4,702","148,064","149,026",1,"23,083",-26
112,David Clelland,Labour,Tyne Bridge,"17,629",0,"22,637","84,416","21,834","2,123",0,"6,502","155,141","156,383",1,"17,279",2
113,Geoffrey Clifton-Brown,Conservative,Cotswold,"24,006",0,"21,464","80,049","4,940","4,286",0,"10,974","145,719","138,082",6,"23,083",4
114,Ann Clwyd,Labour,Cynon Valley,"21,201",0,"13,791","86,657","7,265",976,0,"3,527","133,417","143,919",7,"21,165",0
115,Vernon Coaker,Labour,Gedling,"8,944",0,"22,652","94,357","9,005","3,207",0,"9,618","147,783","148,767",1,"12,404",-28
116,Ann Coffey,Labour,Stockport,"15,663",0,"16,114","84,093","8,391",982,0,"10,839","136,082","150,246",9,"21,985",-29
117,Harry Cohen,Labour,Leyton & Wanstead,"23,961",0,"17,465","103,780","2,677","1,754",0,"8,315","157,952","155,026",2,"23,083",4
118,Michael Connarty,Labour,Linlithgow & Falkirk East,"23,581",0,"23,945","92,219","27,162","6,421",0,"13,705","187,032","183,466",2,"23,083",2
119,Derek Conway,IND Conservative,Old Bexley & Sidcup,"23,994",0,"16,934","82,724","6,824",903,0,"9,538","140,917","130,947",8,"23,033",4
120,Frank Cook,Labour,Stockton North,"23,700",0,"11,607","91,551","17,719","1,544",0,"10,269","156,389","153,902",2,"23,083",3
121,Rosie Cooper,Labour,Lancashire West,"20,339",0,"18,927","87,463","11,756","6,979",0,"10,393","155,857","144,129",8,"23,083",-12
122,Yvette Cooper,Labour,Pontefract & Castleford,"11,840",0,"17,890","100,802","16,195","6,531",0,"10,672","163,929","152,659",7,"12,219",-3
123,Jeremy Corbyn,Labour,Islington North,0,"2,916","13,784","105,551",934,"5,431",0,"4,193","132,809","129,310",3,0
124,Patrick Cormack,Conservative,Staffordshire South,"23,530",0,"17,299","89,158","5,724","6,998",0,127,"142,836","137,417",4,"22,972",2
125,Jim Cousins,Labour,Newcastle upon Tyne Central,"8,063",0,"15,324","99,321","11,912","3,655","12,064","6,147","156,486","144,066",9,"9,649",-16
126,Geoffrey Cox,Conservative,Devon West & Torridge,"23,000",0,"23,326","91,910","11,900","3,979",0,"11,262","165,377","145,360",14,"20,250",14
127,Stephen Crabb,Conservative,Preseli Pembrokeshire,"20,371",0,"28,897","78,486","13,575","2,157",0,"10,118","153,604","159,121",3,"22,243",-8
128,David Crausby,Labour,Bolton North East,"21,713",0,"19,439","94,865","10,466","4,280",0,"8,183","158,946","147,942",7,"23,083",-6
129,Mary Creagh,Labour,Wakefield,"21,955",0,"18,313","98,596","10,353","6,770",0,"10,752","166,739","142,644",17,"23,083",-5
130,Jon Cruddas,Labour,Dagenham,"23,647",0,"21,740","101,226","1,744","5,893",0,"9,769","164,019","144,961",13,"23,071",2
131,Ann Cryer,Labour,Keighley,"19,620",0,"19,433","98,870","10,870","1,588",0,"4,811","155,193","158,190",2,"19,765",-1
132,John Cummings,Labour,Easington,"19,460",0,"11,843","110,334","22,937","1,815",0,0,"166,388","156,044",7,"22,075",-12
133,Jim Cunningham,Labour,Coventry South,"16,678",0,"12,691","66,701","2,239","2,816",0,"3,870","104,996","113,238",7,"17,365",-4
134,Tony Cunningham,Labour,Workington,"14,744",0,"11,049","71,890","19,231","3,493",0,636,"121,042","127,825",5,"16,903",-13
135,David Curry,Conservative,Skipton & Ripon,"12,071",0,"19,151","97,872","9,098","1,644",0,154,"139,990","131,899",6,"9,439",28
136,Claire Curtis-Thomas,Labour,Crosby,"23,469",0,"21,830","100,568","9,338","5,829",0,"5,380","166,414","165,621",0,"23,083",2
137,Alistair Darling,Labour,Edinburgh South West,"10,626",0,"12,848","97,284","15,844","1,882",0,"9,960","148,444","151,904",2,"9,837",8
138,Edward Davey,Liberal Democrat,Kingston & Surbiton,0,"2,916","25,179","97,208","2,299","3,772","2,466","10,349","144,188","148,201",3,0
139,Dai Davies,IND,Blaenau Gwent,"22,442",0,"9,081","89,456","4,648","1,703",0,353,"127,683","119,697",7,"22,506",0
140,David Davis,Conservative,Haltemprice & Howden,"18,114",0,"17,344","78,537","9,065","3,413","4,440","3,641","134,553","141,963",5,"17,643",3
141,David T. C. Davies,Conservative,Monmouth,"23,816",0,"21,603","81,247","15,929","2,245",0,"20,557","165,397","160,198",3,"23,020",3
142,Ian Davidson,Labour,Glasgow South West,"23,867",0,"13,922","98,474","16,074","6,989",0,"11,918","171,245","170,014",1,"23,083",3
143,Philip Davies,Conservative,Shipley,"23,886",0,"14,603","100,599","12,491","4,748",0,"14,931","171,258","161,300",6,"23,083",3
144,Quentin Davies,Labour,Grantham & Stamford,"24,006",0,"2,483","100,558","12,689","1,859",0,0,"141,596","142,857",1,"23,083",4
145,Wayne David,Labour,Caerphilly,"14,243",0,"17,787","100,709","11,689","3,416",0,"4,569","152,413","149,036",2,"22,700",-37
146,Janet Dean,Labour,Burton,"15,610",0,"14,989","87,907","4,858","6,099",0,"10,443","139,906","131,574",6,"17,261",-10
147,John Denham,Labour,Southampton Itchen,"23,806",0,"22,952","92,215","4,134","4,294",0,"9,713","157,114","154,260",2,"23,083",3
148,Jim Devine,Labour,Livingston,"23,659",0,"19,782","93,956","14,037","2,961","11,145","10,209","175,749","169,133",4,"22,898",3
149,Parmjit Dhanda,Labour,Gloucester,"17,093",0,"18,785","102,349","4,602","6,877",0,"11,632","161,337","153,906",5,"20,805",-18
150,Andrew Dismore,Labour,Hendon,"2,927",0,"25,480","95,920","5,119","6,935",0,"10,388","146,769","137,445",7,"3,815",-23
151,Jonathan Djanogly,Conservative,Huntingdon,"20,104",0,"24,070","87,063","5,687","2,654","8,380","7,102","155,060","149,397",4,"19,736",2
152,Jim Dobbin,Labour,Heywood & Middleton,"4,367",0,"18,204","103,493","7,318",936,0,"4,938","139,255","132,884",5,"9,425",-54
153,Frank Dobson,Labour,Holborn & St Pancras,0,"2,916","5,057","107,417",72,"2,121",0,"10,394","127,978","97,840",31,0
154,Nigel Dodds,DUP,North Belfast,"22,436",0,"15,604","81,899","20,932","5,429",0,"6,183","152,483","171,609",11,"22,992",-2
155,Pat Doherty,Sinn Fein,West Tyrone,"21,600",0,0,"101,524","2,140",0,0,0,"125,264","136,423",8,"21,000",3
156,Jeffrey Donaldson,DUP,Lagan Valley,"13,461",0,"14,191","93,503","20,633","5,263",0,"6,436","153,487","161,095",5,"20,342",-34
157,Brian Donohoe,Labour,Ayrshire Central,"23,996",0,"18,329","100,799","24,415","4,396",0,"9,714","181,650","163,390",11,"23,083",4
158,Frank Doran,Labour,Aberdeen North,"23,789",0,"22,379","99,728","24,161","1,799",0,"10,284","182,139","171,717",6,"22,854",4
159,Nadine Dorries,Conservative,Bedfordshire Mid,"23,332",0,"28,963","86,627","8,460","1,433",0,"9,715","158,530","152,318",4,"22,528",4
160,Stephen Dorrell,Conservative,Charnwood,"16,458",0,"9,752","60,272","6,352","2,865",0,387,"96,087","126,479",24,"22,368",-26
161,Jim Dowd,Labour,Lewisham West,0,"2,916","21,226","101,172","2,843","2,783",0,"8,518","139,458","131,165",6,0
162,David Drew,Labour,Stroud,"13,059",0,"11,257","98,102","6,466","6,985",0,"3,591","139,460","133,256",5,"10,479",25
163,James Duddridge,Conservative,Rochford & Southend East,"23,499",0,"21,158","101,133","4,235","3,591",253,"7,391","161,260","160,005",1,"22,975",2
164,Alan Duncan,Conservative,Rutland & Melton,"23,919",0,"23,590","97,474","8,500","1,298",0,"7,835","162,615","148,448",10,"23,027",4
165,Iain Duncan Smith,Conservative,Chingford & Woodford Green,0,"2,916","15,807","71,628","3,530","1,601",0,"2,595","98,077","112,905",13,0
166,Philip Dunne,Conservative,Ludlow,0,0,"12,552","98,625","7,755","5,912",0,"14,387","139,231","134,183",4,0
167,Mark Durkan,SDLP,Foyle,"18,809",0,"23,831","91,435","14,200","1,388",0,"8,854","158,517","149,364",6,"20,796",-10
168,Angela Eagle,Labour,Wallasey,"7,484",0,"20,167","102,067","9,196","3,710","4,389","10,403","157,415","140,753",12,"7,045",6
169,Maria Eagle,Labour,Liverpool Garston,"14,368",0,"13,982","108,219","10,611","2,297",0,"8,957","158,434","153,742",3,"17,124",-16
170,Clive Efford,Labour,Eltham,0,"2,916","19,333","101,242","1,798","3,454",0,"12,223","140,966","129,840",9,0
171,Louise Ellman,Labour,Liverpool Riverside,"23,592",0,"16,667","105,318","15,855","3,771",0,"7,961","173,164","163,476",6,"22,831",3
172,Tobias Ellwood,Conservative,Bournemouth East,"23,594",0,"21,011","72,688","7,799",814,"3,817","4,128","133,851","130,186",3,"23,083",2
173,Natascha Engel,Labour,Derbyshire North East,"17,264",0,"18,044","96,966","7,167","1,452",0,"5,785","146,678","149,621",2,"20,267",-15
174,Jeff Ennis,Labour,Barnsley East & Mexborough,"14,242",0,"12,843","73,847","10,762","1,736",0,"1,319","114,749","109,631",5,"11,632",22
175,Bill Etherington,Labour,Sunderland North,"20,612",0,"17,162","99,036","16,287","2,372",0,0,"155,469","156,467",1,"22,922",-10
176,Nigel Evans,Conservative,Ribble Valley,"21,181",0,"19,969","82,204","12,566","2,445",0,"2,641","141,006","126,043",12,"18,374",15
177,David Evennett,Conservative,Bexleyheath & Crayford,0,"2,916","14,235","80,845","2,243",984,0,"5,244","106,467","108,837",2,0
178,Michael Fabricant,Conservative,Lichfield,"16,299",0,"14,556","84,591","6,679","3,249",361,"3,306","129,041","126,074",2,"23,083",-29
179,Michael Fallon,Conservative,Sevenoaks,"23,660",0,"11,090","74,841","3,761","1,585",0,"3,087","118,023","119,667",1,"22,853",4
180,Paul Farrelly,Labour,Newcastle-under-Lyme,"23,882",0,"16,626","102,797","18,190","3,983",0,"5,322","170,801","167,055",2,"23,083",3
181,Tim Farron,Liberal Democrat,Westmorland & Lonsdale,"23,484",0,"22,815","99,583","15,865","6,887",0,"10,290","178,924","160,433",12,"23,050",2
182,Lynne Featherstone,Liberal Democrat,Hornsey & Wood Green,0,"2,916","19,893","101,056",458,"2,837",0,"11,316","138,476","129,431",7,0
183,Frank Field,Labour,Birkenhead,"8,421",0,"6,921","98,346","10,911","4,816",0,"10,263","139,678","135,595",3,"9,573",-12
184,Mark Field,Conservative,Cities of London & Westminster,0,"2,916","7,802","91,906","4,197","2,401",0,"23,939","133,161","131,071",2,0
185,Mark Fisher,Labour,Stoke-on-Trent Central,"20,063",0,"7,332","74,665","8,711","1,525",0,"9,465","121,761","147,664",18,"23,083",-13
186,Jim Fitzpatrick,Labour,Poplar & Canning Town,0,"2,916","11,770","107,676",400,"6,721","1,789","10,182","141,454","121,553",16,0
187,Robert Flello,Labour,StokeonTrent South,"12,793",0,"22,672","98,586","10,152","6,998",0,"8,980","160,181","162,116",1,"20,797",-38
188,Caroline Flint,Labour,Don Valley,"19,383",0,"18,263","79,827","10,605","6,979",0,"7,137","142,194","158,773",10,"20,861",-7
189,Paul Flynn,Labour,Newport West,"10,009",0,"9,192","97,006","4,939","2,182",0,"8,762","132,091","140,961",6,"16,958",-41
190,Barbara Follett,Labour,Stevenage,"18,908",0,"17,321","101,531",0,"4,268","5,596",0,"147,625","139,147",6,"22,254",-15
191,Don Foster,Liberal Democrat,Bath,"19,018",0,"20,006","95,386","8,069","3,240",0,"7,141","152,860","156,906",3,"22,754",-16
192,Michael Jabez Foster,Labour,Hastings & Rye,"13,865",0,"22,193","99,161","5,213","6,999",0,"8,129","155,560","154,548",1,"22,847",-39
193, Michael Foster , Labour , Worcester ,"24,006",0,"16,827","89,770","7,633","3,293",0,"12,430","153,959","149,318",3,"14,990",60
194,Liam Fox,Conservative,Woodspring,"17,293",0,"21,218","100,331","11,336","2,471",0,"3,189","155,838","153,316",2,"20,746",-17
195,Hywel Francis,Labour,Aberavon,"24,006",0,"17,730","100,057","7,998","2,138","3,502","6,033","161,464","156,279",3,"23,083",4
196,Mark Francois,Conservative,Rayleigh,"20,691",0,"12,594","95,764","5,381","3,717",0,"5,028","143,175","141,792",1,"20,689",0
197,Christopher Fraser,Conservative,Norfolk South West,"23,962",0,"15,300","91,154","7,512","3,894","10,928","8,764","161,513","153,822",5,"23,022",4
198,Roger Gale,Conservative,Thanet North,"5,648",0,"22,322","90,471","6,918","6,485",0,"6,092","137,937","137,337",0,"9,375",-40
199,George Galloway,RES,Bethnal Green & Bow,0,"2,916","21,055","101,343",0,43,0,"4,983","130,340","136,390",4,0
200,Mike Gapes,Labour,Ilford South,0,"2,916","27,429","97,969","2,511","3,305","1,500","6,277","141,907","147,663",4,"22,291",-100
201,Barry Gardiner,Labour,Brent North,"21,107",0,"14,227","107,978","4,392","6,994",0,"10,288","164,986","144,092",15,"15,079",40
202,Edward Garnier,Conservative,Harborough,"24,006",0,"11,797","96,242","9,956","2,787",0,"4,109","148,897","149,484",0,"23,080",4
203,David Gauke,Conservative,Hertfordshire South West,"20,506",0,"15,011","80,086","2,079","4,255",0,"3,846","125,783","121,782",3,"20,186",2
204,Andrew George,Liberal Democrat,St Ives,"17,912",0,"19,765","96,972","15,961","6,474","3,063","9,987","170,135","170,367",0,"23,083",-22
205,Bruce George,Labour,Walsall South,"8,762",0,"12,558","94,779","7,157","1,143",0,"3,273","127,672","129,901",2,"15,940",-45
206,Neil Gerrard,Labour,Walthamstow,0,"2,916","11,048","100,992","1,208","1,952",0,"4,051","122,166","117,044",4,0
207,Nick Gibb,Conservative,Bognor Regis & Littlehampton,"23,971",0,"14,164","81,289","8,831","3,790",0,0,"132,045","158,541",17,"23,053",4
208,Ian Gibson,Labour,Norwich North,"17,095",0,"9,688","97,815","3,261","3,836",0,"8,575","140,271","136,241",3,"16,216",5
209,Sandra Gidley,Liberal Democrat,Romsey,"22,900",0,"21,641","106,469","6,213","5,158","9,803","9,149","181,333","159,636",14,"22,497",2
210,Michelle Gildernew,Sinn Fein,Fermanagh and South Tyrone,"21,600",0,"22,187","100,058","2,840",415,0,0,"147,100","138,272",6,"21,000",3
211,Cheryl Gillan,Conservative,Chesham & Amersham,"22,452",0,"22,578","94,904","7,729","6,230",0,"5,640","159,533","153,886",4,"23,057",-3
212,Linda Gilroy,Labour,Plymouth Sutton,"18,875",0,"26,213","101,470","8,424","6,542","2,163","9,694","173,381","140,900",23,"20,283",-7
213,Roger Godsiff,Labour,Birmingham Sparkbrook & Small Heath,"24,006",0,"8,561","113,729","10,803","6,865","15,318","10,056","189,338","163,885",16,"23,083",4
214,Paul Goggins,Labour,Wythenshawe & Sale East,"9,518",0,"21,309","84,733","10,486","3,864",0,"13,895","143,805","144,292",0,"20,824",-54
215,Julia Goldsworthy,Liberal Democrat,Falmouth & Camborne,"22,406",0,"20,381","91,001","11,101","6,161",0,"10,582","161,632","159,325",1,"21,576",4
216,Helen Goodman,Labour,Bishop Auckland,"24,000",0,"15,157","86,295","24,073","6,973",0,"20,575","177,073","145,716",22,"23,083",4
217,Paul Goodman,Conservative,Wycombe,"10,268",0,"15,990","92,088","2,367","1,726",0,"4,463","126,902","128,899",2,"13,831",-26
218,Robert Goodwill,Conservative,Scarborough & Whitby,"21,670",0,"11,859","97,338","12,569","3,876",0,"3,927","151,239","145,387",4,"22,897",-5
219,Michael Gove,Conservative,Surrey Heath,"23,716",0,"16,706","101,060","4,569",907,0,"14,847","161,804","152,071",6,"23,083",3
220,Chris Grayling,Conservative,Epsom & Ewell,"11,342",0,"21,697","95,800","8,456","1,344","9,105","9,590","157,333","150,028",5,"15,332",-26
221,James Gray,Conservative,Wiltshire North,"24,006",0,"19,323","100,533","9,761","4,434",0,"11,715","169,773","139,528",22,"23,083",4
222,Damian Green,Conservative,Ashford,"22,724",0,"17,931","88,586","3,883","1,014",0,"6,913","141,052","140,946",0,"22,350",2
223,Justine Greening,Conservative,Putney,0,"2,916","19,206","90,783","1,439","3,157",0,"3,525","121,026","120,435",0,0
224,John Greenway,Conservative,Ryedale,"23,725",0,"16,138","84,336","9,049",975,0,0,"134,224","130,967",2,"23,082",3
225,Dominic Grieve,Conservative,Beaconsfield,"18,642",0,"19,242","87,067","2,424","2,888",0,"6,891","137,154","128,343",7,"18,668",0
226,Nigel Griffiths,Labour,Edinburgh South,"16,209",0,"18,776","96,556","13,705","7,000",0,"17,464","169,710","158,067",7,"15,943",2
227,Nia Griffith,Labour,Llanelli,"17,400",0,"13,868","105,510","10,758","6,132",0,"13,332","167,000","158,429",5,"22,911",-24
228,John Grogan,Labour,Selby,"24,006",0,"21,124","101,273","18,147","3,607","4,995","4,110","177,262","158,477",12,"23,083",4
229,John Gummer,Conservative,Suffolk Coastal,"8,189",0,"9,030","77,227",952,"2,950",0,"2,696","101,044","118,786",15,"23,076",-65
230,Andrew Gwynne,Labour,Denton & Reddish,"22,326",0,"19,898","90,100","15,892","5,020",0,"20,236","173,473","162,325",7,"23,026",-3
231,William Hague,Conservative,Richmond,"13,641",0,"19,439","98,637","14,150","5,059",0,0,"150,926","145,123",4,"21,376",-36
232,Peter Hain,Labour,Neath,"22,176",0,"20,098","102,300","15,149","4,734",0,"9,438","173,894","160,826",8,"23,083",-4
233,Mike Hall,Labour,Weaver Vale,"22,930",0,"14,431","100,681","10,940","5,547","8,368","10,339","173,236","167,791",3,"23,067",-1
234,Patrick Hall,Labour,Bedford,"18,430",0,"17,125","94,462","1,247","3,020",0,"6,486","140,770","131,390",7,"14,940",23
235,David Hamilton,Labour,Midlothian,"12,727",0,"16,962","80,947","15,937",101,0,"2,776","129,450","134,300",4,"17,784",-28
236,Fabian Hamilton,Labour,Leeds North East,"23,421",0,"29,727","92,291","13,350","6,649","8,520","10,113","184,071","171,824",7,"23,083",1
237,Philip Hammond,Conservative,Runnymede & Weybridge,"24,000",0,"11,679","92,244","3,235","1,266",0,0,"132,424","122,586",8,"23,075",4
238,Stephen Hammond,Conservative,Wimbledon,0,"2,916","19,981","96,466","4,851","3,955",0,"12,288","140,457","128,494",9,0
239,Mike Hancock,Liberal Democrat,Portsmouth South,"7,303",0,"22,277","100,064","5,612","4,935",0,"10,302","150,494","142,347",6,"10,859",-33
240,Greg Hands,Conservative,Hammersmith & Fulham,0,"2,916","19,508","82,315","1,974","1,676",0,"10,252","118,642","121,357",2,0
241,David Hanson,Labour,Delyn,"24,006",0,"11,195","93,549","13,775","6,206",0,"8,264","156,995","153,794",2,"23,048",4
242,Harriet Harman,Labour,Camberwell & Peckham,0,"2,916","14,483","107,841",0,"6,456",0,"10,075","141,772","127,685",11,0
243,Mark Harper,Conservative,Forest of Dean,"23,481",0,"19,405","102,519","10,783","6,507",0,"8,243","170,938","151,563",13,"22,978",2
244,Evan Harris,Liberal Democrat,Oxford West and Abingdon,"19,257",0,"31,066","83,107","12,551","3,208",0,"2,644","151,834","160,923",6,"23,081",-17
245,Tom Harris,Labour,Glasgow South,"19,742",0,"12,964","88,414","15,346","1,062",0,"5,755","143,282","166,991",14,"23,083",-14
246,Nick Harvey,Liberal Democrat,Devon North,"22,130",0,"19,327","100,116","11,991","3,294",0,"12,476","169,334","160,492",6,"23,036",-4
247,Alan Haselhurst,Conservative,Saffron Walden,"21,504",0,"6,531","76,495","4,489","3,609",0,"9,654","122,282","122,968",1,"22,957",-6
248,Dai Havard,Labour,Merthyr Tydfil & Rhymney,"24,006",0,"17,172","103,278","5,390","1,087",0,"10,792","161,724","152,385",6,"21,120",14
249,John Hayes,Conservative,South Holland & The Deepings,"22,099",0,"22,187","92,717","7,691","3,661","12,155",522,"161,032","156,255",3,"22,733",-3
250,John Healey,Labour,Wentworth,"14,319",0,"19,073","99,462","16,747","6,051",0,"6,847","162,499","153,433",6,"18,674",-23
251,Oliver Heald,Conservative,Hertfordshire North East,"21,887",0,"14,755","103,030","7,431","3,973",0,"2,318","153,394","156,594",2,"22,979",-5
252,Sylvia Heal,Labour,Halesowen & Rowley Regis,"10,544",0,"16,260","93,686","8,858","6,027",0,"7,584","142,959","133,175",7,"9,707",9
253,David Heath,Liberal Democrat,Somerton & Frome,"23,291",0,"19,584","91,040","8,949","3,929",0,"8,207","155,001","146,813",6,"23,002",1
254,David Heathcoat-Amory,Conservative,Wells,"19,840",0,"17,643","93,829","8,173","2,092",0,"2,812","144,388","136,839",6,"20,930",-5
255,John Hemming,Liberal Democrat,Birmingham Yardley,"17,536",0,"28,554","93,843","3,315","5,651",0,"2,892","151,791","149,288",2,"21,375",-18
256,Charles Hendry,Conservative,Wealden,"20,623",0,"22,403","99,943","7,539","1,750",0,"1,500","153,758","148,399",4,"23,083",-11
257,Doug Henderson,Labour,Newcastle upon Tyne North,"24,006",0,"20,291","91,752","18,497","3,973",0,"8,299","166,817","151,860",10,"23,083",4
258,Mark Hendrick,Labour,Preston,"17,168",0,"28,462","84,774","14,713","2,267","4,367","13,854","165,604","140,443",18,"16,226",6
259,Stephen Hepburn,Labour,Jarrow,"19,813",0,"18,431","103,952","15,753","3,153",0,"9,382","170,484","157,125",9,"23,056",-14
260,John Heppell,Labour,Nottingham East,"24,006",0,"19,135","90,241","6,115","6,986",0,"8,445","154,929","145,538",6,"23,083",4
261,Nick Herbert,Conservative,Arundel & South Downs,"22,720",0,"7,508","112,456","3,979","2,175",0,"5,162","154,000","141,036",9,"22,720",0
262,Sylvia Hermon,UUP,North Down,"1,252",0,"16,720","100,364","7,634","2,477",0,0,"128,448","134,004",4,"16,999",-93
263,Stephen Hesford,Labour,Wirral West,"17,268",0,"24,438","97,959","19,011","6,488",0,"9,497","174,661","166,866",5,"21,665",-20
264,Patricia Hewitt,Labour,Leicester West,"14,461",0,"22,486","99,912","4,879","6,956",0,"10,227","158,921","147,537",8,"12,470",16
265,David Heyes,Labour,Ashton under Lyne,"19,017",0,"19,634","97,706","10,250","1,676",0,"5,870","154,153","141,756",9,"22,861",-17
266,Keith Hill,Labour,Streatham,0,"2,916","8,435","99,216","1,504","6,541",0,"9,857","128,469","121,151",6,0
267,Meg Hillier,Labour,Hackney South & Shoreditch,0,"2,916","8,458","98,268",968,"6,995",0,"17,960","135,564","126,487",7,0
268,Mark Hoban,Conservative,Fareham,"18,465",0,"9,809","99,170","7,087","4,085",0,"12,299","150,914","144,636",4,"21,280",-13
269,Margaret Hodge,Labour,Barking,0,"2,916","22,744","97,244",930,"6,994",0,"13,677","144,505","133,255",8,0
270,Sharon Hodgson,Labour,Gateshead East & Washington West,"24,006",0,"17,849","100,982","16,747","2,502",0,"1,214","163,300","164,038",0,"22,942",5
271,Kate Hoey,Labour,Vauxhall,0,"2,916","6,511","81,129","2,033","5,051",0,"9,837","107,477","100,677",7,0
272,Douglas Hogg,Conservative,Sleaford & North Hykeham,"14,180",0,"15,120","65,175","9,235","5,486",0,0,"109,196","127,902",15,"23,083",-39
273,Adam Holloway,Conservative,Gravesham,"6,783",0,"16,965","102,861","2,445","5,571",0,"12,771","147,396","149,535",1,"22,587",-70
274,Philip Hollobone,Conservative,Kettering,"22,790",0,"3,526",0,"7,836","2,560",0,"10,219","46,931","47,737",2,"22,999",-1
275,Paul Holmes,Liberal Democrat,Chesterfield,"20,855",0,"21,507","97,665","8,550","5,724",0,"8,552","162,853","148,542",10,"19,811",5
276,Jim Hood,Labour,Lanark and Hamilton East,"18,520",0,"19,318","87,155","15,414","4,928",0,"13,225","158,559","156,260",1,"19,353",-4
277,Geoff Hoon,Labour,Ashfield,"23,850",0,"21,472","76,640","10,261","3,157",591,"18,415","154,386","137,405",12,"23,083",3
278,Phil Hope,Labour,Corby,"12,802",0,"17,996","103,488","5,666","6,913",0,"10,536","157,401","157,646",0,"21,361",-40
279,Kelvin Hopkins,Labour,Luton North,"1,123",0,"16,578","99,094","4,948","2,361",0,"9,525","133,629","121,809",10,"1,242",-10
280,John Horam,Conservative,Orpington,"7,073",0,"14,563","69,483","1,907",933,0,"10,251","104,209","121,975",15,"11,452",-38
281,Martin Horwood,Liberal Democrat,Cheltenham,"19,655",0,"22,372","97,950","6,898","2,209",0,"10,176","159,261","152,892",4,"21,449",-8
282,Stewart Hosie,SNP,Dundee East,"21,963",0,"19,887","95,729","19,490","1,196",0,"8,680","166,944","146,658",14,"19,367",13
283,David Howarth,Liberal Democrat,Cambridge,0,0,"19,930","92,765","4,684","2,679",0,"1,040","121,099","132,469",9,0
284,Gerald Howarth,Conservative,Aldershot,"20,043",0,"13,312","75,223","8,274","1,525",0,"17,045","135,422","150,017",10,"23,083",-13
285,George Howarth,Labour,Knowsley North & Sefton East,"9,232",0,"18,917","99,655","16,638","4,078",0,52,"148,572","149,809",1,"13,896",-34
286,Michael Howard,Conservative,Folkestone & Hythe,"17,883",0,"11,728","80,433","2,951","2,813",0,"1,348","117,156","114,990",2,"18,200",-2
287,John Howell,Conservative,Henley,"9,666",0,"8,328","38,138","3,714","1,070","1,334","8,309","70,559"
288,Kim Howells,Labour,Pontypridd,"14,903",0,"9,036","103,432","12,408","3,135",0,"2,782","145,696","133,191",9,"16,013",-7
289,Lindsay Hoyle,Labour,Chorley,"15,030",0,"17,181","99,591","13,029","2,307","5,242","4,929","157,309","148,685",6,"20,502",-27
290,Beverley Hughes,Labour,Stretford & Urmston,"21,980",0,"17,868","102,362","13,421","6,404",0,"12,262","174,297","164,055",6,"23,083",-5
291,Simon Hughes,Liberal Democrat,Southwark North & Bermondsey,0,"2,916","20,029","106,369","3,939","6,936",0,"10,400","150,589","131,165",15,0
292,Chris Huhne,Liberal Democrat,Eastleigh,"4,080",0,"21,201","100,296","8,712","4,099",240,"10,510","149,139","139,185",7,"3,970",3
293,Joan Humble,Labour,Blackpool North & Fleetwood,"24,006",0,"29,415","89,550","15,437","4,113",0,"10,378","172,899","159,703",8,"23,083",4
294,Jeremy Hunt,Conservative,Surrey South West,"9,891",0,"16,916","84,422","4,213","1,019",0,"9,278","125,739","128,191",2,"11,610",-15
295,Mark Hunter,Liberal Democrat,Cheadle,"20,021",0,"17,044","98,646","8,412","4,456",0,"10,855","159,434","149,081",7,"19,789",1
296,Nick Hurd,Conservative,Ruislip Northwood,0,"2,916","26,072","96,325","2,154","2,085",0,"9,417","138,969","121,481",14,0
297,John Hutton,Labour,Barrow & Furness,"23,438",0,"11,749","91,920","10,937","4,962","5,532","4,735","153,273","145,948",5,"22,980",2
298,Brian Iddon,Labour,Bolton South East,"14,983",0,"17,174","96,331","5,788","2,386",0,8,"136,670","123,687",10,"17,398",-14
299,Eric Illsley,Labour,Barnsley Central,"17,648",0,"13,771","106,839","15,900","1,503",0,"10,341","166,003","148,698",12,"22,869",-23
300,Adam Ingram,Labour,"East Kilbride, Strathaven and Lesmahagow","23,463",0,"14,196","75,190","23,779","2,195",0,"3,309","142,132","121,499",17,"23,083",2
301,Huw Irranca-Davies,Labour,Ogmore,"17,002",0,"15,064","95,525","7,090","1,221",0,"6,227","142,129","150,708",6,"19,434",-13
302,Glenda Jackson,Labour,Hampstead & Highgate,0,"2,916","13,763","108,471",0,"6,854","5,324","4,611","141,939","136,793",4,0
303,Michael Jack,Conservative,Fylde,"22,726",0,"9,460","84,157","9,710","4,068",0,0,"130,121","134,316",3,"22,000",3
304,Stewart Jackson,Conservative,Peterborough,"24,006",0,"19,221","74,166","10,496","3,805",0,"12,224","143,917","137,346",5,"23,083",4
305,Sian James,Labour,Swansea East,"17,864",0,"20,877","92,367","9,846","1,677",0,"2,686","145,316","148,151",2,"21,070",-15
306,Bernard Jenkin,Conservative,Essex North,"24,006",0,"16,728","103,729","4,189","2,094",0,"8,853","159,599","142,265",12,"23,083",4
307,Brian Jenkins,Labour,Tamworth,"8,634",0,"20,528","80,910","5,767",463,0,"12,161","128,464","131,554",2,"8,872",-3
308,Alan Johnson,Labour,Hull West & Hessle,"10,531",0,"8,644","84,241","9,619","2,297",0,"6,324","121,656","131,711",8,"11,274",-7
309,Boris Johnson,Conservative,Henley,0,0,"4,659","21,220",0,4,"22,414",180,"48,477","141,287",66,"23,083",-100
310,Diana Johnson,Labour,Hull North,"17,946",0,"20,347","103,529","11,942","6,098",0,"7,843","167,705","166,509",1,"21,640",-17
311,David Jones,Conservative,Clwyd West,"16,750",0,"18,495","86,527","14,172","3,128","1,661","9,628","150,361","148,146",1,"22,632",-26
312,Helen Jones,Labour,Warrington North,"22,096",0,"30,218","92,127","14,083","4,338",0,"10,337","173,199","165,102",5,"23,014",-4
313,Kevan Jones,Labour,North Durham,"22,434",0,"17,989","97,917","13,660","3,470",0,"8,962","164,432","160,365",3,"23,083",-3
314,Lynne Jones,Labour,Birmingham Selly Oak,"11,189",0,"10,197","110,751","6,126","4,129","9,239",401,"152,031","139,982",9,"13,528",-17
315,Martyn Jones,Labour,Clwyd South,"24,006",0,"21,027","84,872","8,029","4,991",0,"9,335","152,260","133,729",14,"23,083",4
316,Tessa Jowell,Labour,Dulwich & West Norwood,0,"2,916","9,660","109,725",922,"3,693","1,260","8,682","136,858","126,405",8,0
317,Eric Joyce,Labour,Falkirk,"21,806",0,"25,020","97,122","38,550","3,215",0,835,"186,548","187,334",0,"22,466",-3
318,Gerald Kaufman,Labour,Manchester Gorton,"15,962",0,"12,348","89,006","19,212","4,632",0,"13,607","154,767","125,649",23,"13,558",18
319,Daniel Kawczynski,Conservative,Shrewsbury & Atcham,"14,557",0,"19,055","100,718","11,391",838,"10,209","8,501","165,269","156,737",5,"21,890",-33
320,Sally Keeble,Labour,Northampton North,"12,237",0,"19,850","95,633","4,553","6,923",0,"9,698","148,893","146,712",1,"18,646",-34
321,Barbara Keeley,Labour,Worsley,"23,253",0,"28,776","85,523","14,954",764,0,"10,067","163,337","151,260",8,"23,077",1
322,Ann Keen,Labour,Brentford & Isleworth,"17,318",0,"4,447","101,869",0,"2,410",0,"10,322","136,366","167,306",18,"18,338",-6
323,Alan Keen,Labour,Feltham & Heston,"17,364",0,"11,610","108,871","1,548","4,486",0,"8,218","152,097","147,976",3,"19,855",-13
324,Paul Keetch,Liberal Democrat,Hereford,"23,352",0,"27,000","87,618","12,897","5,094",0,"4,417","160,377","159,155",1,"23,083",1
325,Ruth Kelly,Labour,Bolton West,"11,294",0,"24,094","91,497","10,134","1,608",0,59,"138,685","115,844",20,"13,326",-15
326,Fraser Kemp,Labour,Houghton & Washington East,"23,080",0,"13,932","99,521","10,483","2,880",0,160,"150,055","135,438",11,"23,075",0
327,Charles Kennedy,Liberal Democrat,"Ross, Skye & Lochaber","21,102",0,"14,694","81,637","35,260","2,544",0,"12,480","167,716","174,232",4,"21,287",-1
328,Jane Kennedy,Labour,Liverpool Wavertree,"23,574",0,"18,209","99,527","11,746","2,839",0,"5,628","161,524","151,977",6,"23,083",2
329,Robert Key,Conservative,Salisbury,"13,216",0,"13,766","88,756","5,737","1,825",0,"6,943","130,243","121,637",7,"17,611",-25
330,Sadiq Khan,Labour,Tooting,0,"2,916","17,506","99,005",442,"6,998",0,"13,323","140,189","134,211",4,0
331,David Kidney,Labour,Stafford,"18,230",0,"26,298","95,480","5,215","4,013",0,"11,017","160,253","150,722",6,"19,680",-7
332,Peter Kilfoyle,Labour,Liverpool Walton,"24,006",0,"21,402","85,222","11,608","2,126",0,"4,673","149,036","155,856",4,"23,083",4
333,Julie Kirkbride,Conservative,Bromsgrove,"23,432",0,"16,807","83,388","8,249","5,446",0,"5,477","142,799","147,165",3,"23,083",2
334,Greg Knight,Conservative,Yorkshire East,"20,618",0,"12,864","97,228","10,169","5,119",0,819,"146,818","138,158",6,"18,305",13
335,Jim Knight,Labour,Dorset South,"22,122",0,"17,409","104,168","5,620","1,431",0,"10,007","160,758","155,987",3,"23,083",-4
336,Susan Kramer,Liberal Democrat,Richmond Park,0,"2,916","25,548","95,775",0,"5,184",0,"11,305","140,728","127,039",11,0
337,Ashok Kumar,Labour,Middlesbrough South & Cleveland East,"23,999",0,"21,169","101,170","16,910","5,814",0,"10,400","179,463","156,385",15,"23,083",4
338,Stephen Ladyman,Labour,Thanet South,"23,293",0,"16,671","92,249","6,467","5,660",0,"6,550","150,891","137,559",10,"22,793",2
339,Eleanor Laing,Conservative,Epping Forest,"19,665",0,"17,331","103,951",826,"1,646",0,"7,394","150,813","134,583",12,"23,082",-15
340,Jacqui Lait,Conservative,Beckenham,"13,751",0,"13,111","79,491","7,228","2,271",0,"2,278","118,130","135,916",13,"15,478",-11
341,Norman Lamb,Liberal Democrat,Norfolk North,"18,999",0,"23,319","96,468","6,249","6,301",0,"10,400","161,735","163,746",1,"23,083",-18
342,David Lammy,Labour,Tottenham,0,"2,916","14,484","107,914","1,248","5,374",0,"7,998","139,934","133,224",5,0
343,Mark Lancaster,Conservative,Milton Keynes North East,"23,619",0,"20,274","99,429","6,014","6,998",0,"10,390","166,724","151,619",10,"22,541",5
344,Andrew Lansley,Conservative,Cambridgeshire South,"21,452",0,"16,554","97,923","7,870","5,612","11,300","10,440","171,150","156,411",9,"21,399",0
345,David Laws,Liberal Democrat,Yeovil,"15,962",0,"22,001","100,397","10,027","6,557",0,"10,162","165,106","156,511",5,"19,251",-17
346,Bob Laxton,Labour,Derby North,"18,589",0,"15,159","84,764","5,007",341,0,592,"124,452","138,051",10,"19,042",-2
347,Mark Lazarowicz,Labour,Edinburgh North and Leith,"14,222",0,"22,432","98,120","11,917","6,949",0,"11,210","164,850","165,171",0,"21,774",-35
348,John Leech,Liberal Democrat,Manchester Withington,"8,684",0,"22,652","99,257","10,369","4,253",0,"10,106","155,321","148,434",5,"12,993",-33
349,Edward Leigh,Conservative,Gainsborough,"22,139",0,"14,818","107,563","13,283",540,0,"3,481","161,824","154,113",5,"22,840",-3
350,David Lepper,Labour,Brighton Pavilion,"11,371",0,"20,075","96,444","1,667","6,305",0,"4,189","140,051","135,533",3,"11,175",2
351,Oliver Letwin,Conservative,Dorset West,"21,073",0,"12,938","93,042","8,950","3,779",0,0,"139,783","152,759",8,"20,558",3
352,Tom Levitt,Labour,High Peak,"20,523",0,"15,256","95,353","12,519","5,912",0,"18,756","168,318","164,620",2,"22,450",-9
353,Ivan Lewis,Labour,Bury South,"22,835",0,"24,505","97,893","12,747","4,030",972,"10,400","173,382","165,670",5,"23,083",-1
354,Julian Lewis,Conservative,New Forest East,"16,932",0,"16,131","84,779","5,072","2,717",0,197,"125,827","131,141",4,"21,604",-22
355,Ian Liddell-Grainger,Conservative,Bridgwater,"24,006",0,"21,438","97,154","18,893","4,269",0,"8,573","174,333","166,109",5,"23,083",4
356,David Lidington,Conservative,Aylesbury,"22,345",0,"9,279","80,068","3,062","3,477",0,"8,012","126,244","115,891",9,"19,470",15
357,Peter Lilley,Conservative,Hitchin & Harpenden,"18,268",0,"15,857","86,490","1,698","6,999",0,"7,103","136,416","149,987",9,"23,083",-21
358,Martin Linton,Labour,Battersea,0,"2,916","12,898","98,109","1,732","6,375",0,"21,633","143,663","131,070",10,0
359,Tony Lloyd,Labour,Manchester Central,"18,544",0,"23,011","93,466","9,721","2,470",0,"3,925","151,137","154,170",2,"19,706",-6
360,Elfyn Llwyd,Plaid Cymru,Meirionnydd Nant Conwy,"19,773",0,"28,757","86,634","12,896","1,488",0,"2,157","151,705","144,266",5,"14,396",37
361,Michael Lord,Conservative,Suffolk Central & Ipswich North,"18,428",0,"18,863","76,008","6,214","2,000",0,"2,304","123,818","121,772",2,"23,047",-20
362,Tim Loughton,Conservative,Worthing East & Shoreham,"22,063",0,"14,641","84,004","9,100","1,992","11,425","4,937","148,162","145,975",1,"23,083",-4
363,Andy Love,Labour,Edmonton,"20,119",0,"16,837","105,274","3,571","3,665",0,"10,921","160,388","148,757",8,"23,083",-13
364,Ian Lucas,Labour,Wrexham,"21,174",0,"13,640","93,145","9,411","4,399",0,"10,060","151,829","149,321",2,"23,083",-8
365,Peter Luff,Conservative,Worcestershire Mid,"22,982",0,"11,751","88,300","7,363","3,777",0,"12,327","146,500","139,015",5,"19,694",17
366,Andrew MacKay,Conservative,Bracknell,"23,539",0,"16,712","76,583","6,102","3,041",0,"8,504","134,480","136,239",1,"22,575",4
367,Andrew MacKinlay,Labour,Thurrock,"14,342",0,"21,619","98,161","4,151","2,271","3,665","1,888","146,097","135,474",8,"15,761",-9
368,David MacLean,Conservative,Penrith & the Border,"18,763",0,"16,340","64,000","17,143","1,949",0,"3,163","121,358","155,609",22,"22,638",-17
369,Angus MacNeil,SNP,Na hEileanan an Iar,"19,465",0,"12,463","69,548","32,468","1,775",0,"5,864","141,583","148,147",4,"20,228",-4
370,Denis MacShane,Labour,Rotherham,"23,995",0,"19,874","83,959","10,343","2,705","4,225","10,390","155,491","152,884",2,"23,083",4
371,Fiona MacTaggart,Labour,Slough,"1,811",0,"14,633","104,331","2,235","6,998","5,454","13,726","149,188","134,940",11,"3,392",-47
372,Khalid Mahmood,Labour,Birmingham Perry Barr,"4,025",0,"22,359","97,774","6,668",734,0,"9,615","141,175","164,614",14,"17,900",-78
373,Anne Main,Conservative,St Albans,"17,859",0,"11,275","94,852","3,310","3,465",0,"13,492","144,253","146,769",2,"22,091",-19
374,Humfrey Malins,Conservative,Woking,"6,090",0,"21,685","58,485","6,624","2,515",0,"4,199","99,598","119,492",17,"10,459",-42
375,Shahid Malik,Labour,Dewsbury,"23,783",0,"29,101","89,866","12,289","6,977",0,"11,079","173,095","157,255",10,"23,083",3
376,Judy Mallaber,Labour,Amber Valley,"3,587",0,"8,834","111,314","5,711","5,822",0,"7,317","142,585","143,078",0,"6,854",-48
377,John Mann,Labour,Bassetlaw,"9,800",0,"24,763","97,223","10,846","6,934",0,"12,059","161,625","152,933",6,"13,114",-25
378,John Maples,Conservative,Stratford-on-Avon,"23,319",0,"20,443","72,908","4,193","2,591",0,784,"124,238","131,255",5,"23,000",1
379,Rob Marris,Labour,Wolverhampton South West,"10,427",0,"20,417","89,398","2,980","6,154",0,"9,877","139,253","132,513",5,"11,973",-13
380,David Marshall,Labour,Glasgow East,"2,878",0,"2,264","18,363","2,135",25,"32,944",0,"58,609","131,698",55,"20,779",-86
381,Gordon Marsden,Labour,Blackpool South,"8,959",0,"18,132","104,266","15,692","6,587",0,"10,400","164,035","152,300",8,"9,739",-8
382,Robert Marshall-Andrews,Labour,Medway,"18,081",0,"7,006","85,294","1,037","2,215",0,0,"113,633","121,161",6,"19,261",-6
383,Eric Martlew,Labour,Carlisle,"19,070",0,"19,392","92,159","11,161","1,834",0,"5,668","149,284","146,799",2,"21,632",-12
384,Michael Martin,SPEAKER,Glasgow North East,"7,384",0,"2,794","33,941","11,726",221,0,0,"56,067","74,522",25,"11,750",-37
385,John Mason,SNP,Glasgow East,"9,921",0,"19,091","54,580","5,429","2,472",0,"12,592","104,085"
386,Michael Mates,Conservative,Hampshire East,"23,999",0,"19,740","51,251","4,857","1,216",0,"4,865","105,928","140,805",25,"23,077",4
387,Francis Maude,Conservative,Horsham,"22,207",0,"12,888","89,993","6,322","2,013",0,"22,373","155,797","148,402",5,"23,083",-4
388,Theresa May,Conservative,Maidenhead,"2,078",0,"7,262","95,837","1,964","2,645",0,"16,415","126,201","118,147",7,"4,288",-52
389,Thomas McAvoy,Labour,Rutherglen & Hamilton West,"6,211",0,"21,980","108,180","8,835","3,743",0,"13,311","162,261","150,976",7,"22,150",-72
390,Chris McCafferty,Labour,Calder Valley,"23,757",0,"11,186","111,102","16,318","4,830",0,"10,324","177,517","152,744",16,"19,576",21
391,Ian McCartney,Labour,Makerfield,"14,876",0,"14,400","93,962","11,820","2,720",0,"5,475","143,254","155,746",8,"23,083",-36
392,Kerry McCarthy,Labour,Bristol East,"20,492",0,"19,984","102,413","13,761","6,551",0,"11,841","175,042","153,035",14,"21,266",-4
393,Stephen McCabe,Labour,Birmingham Hall Green,"16,961",0,"29,159","85,814","6,071","1,410","3,711","9,057","152,183","146,360",4,"17,109",-1
394,Sarah McCarthy-Fry,Labour,Portsmouth North,"20,281",0,"18,110","98,813","6,208","6,978","7,269","8,345","166,004","144,498",15,"16,792",21
395,William McCrea,DUP,South Antrim,"21,177",0,"26,044","93,882","19,525","1,367",0,"6,524","168,518","159,852",5,"20,904",1
396,Alasdair McDonnell,SDLP,South Belfast,"19,651",0,"13,009","109,388","10,755","1,997",0,"9,054","163,854","156,830",4,"23,083",-15
397,John McDonnell,Labour,Hayes & Harlington,0,"2,861","22,602","94,218","2,359","6,949",0,"9,052","138,041","135,180",2,0
398,Siobhain McDonagh,Labour,Mitcham & Morden,0,"2,916","9,845","100,857","1,836","6,997","7,369","20,995","150,815","134,302",12,0
399,John McFall,Labour,Dunbartonshire West,"18,838",0,"10,301","108,627","17,863","2,385",0,"10,477","168,491","161,121",5,"22,832",-17
400,Pat McFadden,Labour,Wolverhampton South East,"15,116",0,"18,960","75,634","7,014","6,348",0,"6,921","129,992","128,006",2,"15,269",-1
401,Jim McGovern,Labour,Dundee West,"24,006",0,"19,544","97,979","19,725","4,903",0,"12,440","178,597","171,989",4,"22,568",6
402,Eddie McGrady,SDLP,South Down,"8,169",0,"29,620","92,771","14,640","3,071",0,"7,117","155,387","156,902",1,"9,295",-12
403,Anne McGuire,Labour,Stirling,"18,473",0,"18,548","95,976","2,975","4,976",0,"10,016","150,964","162,765",7,"19,595",-6
404,Martin McGuinness,Sinn Fein,Mid Ulster,"19,800",0,"22,138","98,797","17,512",0,0,0,"158,247","136,236",16,"21,000",-6
405,Anne McIntosh,Conservative,Vale of York,"16,365",0,"12,204","85,622","13,832","2,681",0,"4,313","135,017","133,116",1,"20,382",-20
406,Shona McIsaac,Labour,Cleethorpes,"11,084",0,"12,536","105,778","7,248","6,991",0,"12,583","156,220","145,794",7,"15,404",-28
407,Ann McKechin,Labour,Glasgow North,"15,845",0,"15,079","94,945","12,880","6,877",0,"12,790","158,416","147,535",7,"13,015",22
408,Rosemary McKenna,Labour,"Cumbernauld, Kilsyth and Kirkintilloch East","22,040",0,"21,071","84,251","22,636","1,727",0,"5,984","157,709","167,113",6,"23,058",-4
409,Patrick McLoughlin,Conservative,Derbyshire West,"21,620",0,"11,929","82,747","8,343","4,238",0,"5,838","134,715","142,343",5,"22,968",-6
410,Tony McNulty,Labour,Harrow East,"7,330",0,"16,063","95,077",0,"1,944",0,"8,146","128,560","134,402",4,"12,600",-42
411,Michael Meacher,Labour,Oldham West & Royton,"8,267",0,"22,189","100,147","13,033","3,276",0,"7,260","154,172","141,575",9,"8,944",-8
412,Alan Meale,Labour,Mansfield,"23,959",0,"17,814","104,308","22,708","3,481",0,"10,663","182,933","167,272",9,"23,083",4
413,Patrick Mercer,Conservative,Newark,"21,733",0,"11,682","110,676","16,897","2,583",0,"1,175","164,747","156,067",6,"23,083",-6
414,Gillian Merron,Labour,Lincoln,"20,095",0,"14,090","100,738","6,976","6,566",0,"10,333","158,797","155,972",2,"22,641",-11
415,Alun Michael,Labour,Cardiff South & Penarth,"13,129",0,"21,481","100,962","8,881","1,758",0,"7,426","153,637","149,518",3,"23,083",-43
416,Alan Milburn,Labour,Darlington,"23,048",0,"20,599","101,661","21,435","4,082",0,"9,719","180,543","162,589",11,"23,083",0
417,David Miliband,Labour,South Shields,"9,083",0,"16,565","84,676","4,628","3,725",0,"6,923","125,599","134,993",7,"17,387",-48
418,Andrew Miller,Labour,Ellesmere Port & Neston,"17,585",0,"15,581","100,341","15,168","5,121",0,"8,785","162,581","146,802",11,"17,817",-1
419,Ed Miliband,Labour,Doncaster North,"7,783",0,"14,673","86,386","6,573","2,174",0,"6,309","123,897","129,482",4,"7,670",1
420,Maria Miller,Conservative,Basingstoke,"24,006",0,"18,026","90,089","6,667","4,222",0,"12,336","155,346","152,888",2,"23,000",4
421,Anne Milton,Conservative,Guildford,185,0,"8,908","88,029","3,259","4,234",0,"18,402","123,016","121,652",1,0
422,Austin Mitchell,Labour,Great Grimsby,"22,544",0,"13,293","99,987","14,596","3,619",0,"7,365","161,405","155,956",3,"23,073",-2
423,Andrew Mitchell,Conservative,Sutton Coldfield,"21,800",0,"18,058","103,270","6,546","4,658",0,"9,194","163,526","157,665",4,"22,831",-5
424,Laura Moffatt,Labour,Crawley,39,0,"25,942","100,324","6,066","6,994",0,"13,478","152,843","142,591",7,"18,387",-100
425,Chris Mole,Labour,Ipswich,"9,767",0,"16,450","94,565","4,016","5,191",0,"10,379","140,368","137,303",2,"17,973",-46
426,Madeleine Moon,Labour,Bridgend,"23,999",0,"15,492","101,856","9,548","1,951",0,"12,307","165,154","161,729",2,"22,902",5
427,Michael Moore,Liberal Democrat,"Berwickshire, Roxburgh and Selkirk","20,387",0,"20,207","97,684","18,269","4,073",0,"10,919","171,539","163,098",5,"21,563",-5
428,Margaret Moran,Labour,Luton South,"24,006",0,"21,890","97,312","5,184","6,848",0,"10,094","165,334","160,467",3,"22,343",7
429,Jessica Morden,Labour,Newport East,"13,407",0,"21,065","95,914","5,054",951,0,"10,394","146,785","167,060",12,"20,703",-35
430,Julie Morgan,Labour,Cardiff North,"4,960",0,"17,492","104,679","8,579","4,031","11,940","10,366","162,046","146,501",11,"9,754",-49
431,Elliot Morley,Labour,Scunthorpe,"15,881",0,"21,308","84,177","11,118","2,568",0,"11,537","146,589","145,373",1,"19,140",-17
432,Malcolm Moss,Conservative,Cambridgeshire North East,"23,958",0,"22,674","95,386","6,166","3,497",0,"7,161","158,842","148,970",7,"23,059",4
433,Kali Mountford,Labour,Colne Valley,"24,006",0,"21,892","97,871","15,866","2,497","3,194","1,407","166,732","160,015",4,"23,083",4
434,George Mudie,Labour,Leeds East,"8,502",0,"19,475","97,008","9,153","6,914","1,734",331,"143,117","150,139",5,"9,635",-12
435,Greg Mulholland,Liberal Democrat,Leeds North West,"22,646",0,"23,980","94,059","10,586","4,195",0,"10,369","165,835","157,358",5,"23,083",-2
436,Chris Mullin,Labour,Sunderland South,"14,648",0,"21,279","90,247","3,714",235,0,423,"130,546","129,581",1,"12,942",13
437,David Mundell,Conservative,"Dumfriesshire, Clydesdale and Tweeddale","19,447",0,"25,727","88,149","22,288","6,971",0,"14,402","176,983","169,187",5,"22,177",-12
438,Meg Munn,Labour,Sheffield Heeley,"22,650",0,"14,861","80,933","8,677","6,995",0,"4,211","138,327","144,356",4,"23,083",-2
439,Conor Murphy,Sinn Fein,Newry and Armagh,"21,600",0,"22,050","98,350",840,324,0,0,"143,165","132,361",8,"21,000",3
440,Denis Murphy,Labour,Wansbeck,"16,390",0,"19,793","97,858","13,893","5,705",0,"11,212","164,851","153,143",8,"20,881",-22
441,Jim Murphy,Labour,Renfrewshire East,"18,884",0,"29,595","90,407","9,178","6,313",0,"10,954","165,331","162,542",2,"22,801",-17
442,Paul Murphy,Labour,Torfaen,"14,294",0,"14,598","95,001","3,141","2,233",0,"13,603","142,871","150,923",5,"20,536",-30
443,Andrew Murrison,Conservative,Westbury,"15,897",0,"11,131","85,994","7,536","4,898",0,"10,038","135,494","136,035",0,"20,401",-22
444,Doug Naysmith,Labour,Bristol North West,"19,846",0,"17,394","90,038","5,516","3,920",0,"6,091","142,805","141,111",1,"20,808",-5
445,Bob Neill,Conservative,Bromley & Chislehurst,"18,364",0,"15,220","105,201","6,481","2,300",0,"11,591","159,156","157,332",1,"19,108",-4
446,Brooks Newmark,Conservative,Braintree,"22,000",0,"12,033","98,525","3,472","3,272",0,"6,054","145,356","138,270",5,"20,000",10
447,Dan Norris,Labour,Wansdyke,"14,642",0,"18,385","93,748","7,770","6,992","4,914","6,393","152,844","155,410",2,"21,078",-31
448,Mark Oaten,Liberal Democrat,Winchester,"20,277",0,"25,817","92,184","10,121","2,928",0,"9,342","160,668","155,911",3,"22,993",-12
449,Mike O'Brien,Labour,Warwickshire North,"10,686",0,"20,750","100,106","10,090","2,101",0,"10,319","154,052","144,360",7,"8,963",19
450,Stephen O'Brien,Conservative,Eddisbury,"23,797",0,"22,554","99,252","17,569","3,351",0,0,"166,523","153,027",9,"23,034",3
451,Edward O'Hara,Labour,Knowsley South,"23,973",0,"12,347","86,234","11,023",261,0,623,"134,460","147,024",9,"20,711",16
452,Bill Olner,Labour,Nuneaton,"22,106",0,"15,241","86,004","9,241","2,176",0,"1,195","135,963","138,010",1,"23,083",-4
453,Lembit pik,Liberal Democrat,Montgomeryshire,"23,779",0,"29,320","90,970","7,372","2,148","3,829","9,710","167,128","164,406",2,"23,083",3
454,George Osborne,Conservative,Tatton,"23,347",0,"17,474","94,398","15,386","3,285",0,"13,164","167,054","151,015",11,"22,994",2
455,Sandra Osborne,Labour,"Ayr, Carrick & Cumnock","16,601",0,"19,619","72,800","16,587","4,675","5,884","9,490","145,656","128,701",13,"18,816",-12
456,Richard Ottaway,Conservative,Croydon South,"9,635",0,"20,656","88,771","2,665","2,234",0,"9,633","133,594","145,373",8,"21,481",-55
457,Albert Owen,Labour,Ynys Mn,"18,923",0,"16,321","83,602","8,333","2,913",0,"2,938","133,031","142,138",6,"22,519",-16
458,James Paice,Conservative,Cambridgeshire South East,"20,513",0,"9,289","94,979","8,511","2,722",0,"11,410","147,424","151,519",3,"23,083",-11
459,Ian Paisley,DUP,North Antrim,"16,625",0,"13,542","82,922","4,361","3,836",0,"1,269","122,555","139,565",12,"18,136",-8
460,Nick Palmer,Labour,Broxtowe,"23,393",0,"20,362","100,104","10,688","1,382",938,"12,332","169,199","157,329",8,"23,057",1
461,Owen Paterson,Conservative,Shropshire North,"20,214",0,"24,352","88,036","26,457","3,884",0,"11,884","174,827","164,297",6,"22,637",-11
462,Ian Pearson,Labour,Dudley South,"23,887",0,"21,605","93,217","6,718","2,313","1,844","8,030","157,615","157,725",0,"23,005",4
463,Andrew Pelling,IND Conservative,Croydon Central,0,"2,916","6,838","62,899","2,060","3,621",0,"21,694","100,028","106,873",6,0
464,Mike Penning,Conservative,Hemel Hempstead,"7,388",0,"25,161","92,226","3,642","2,489",0,"4,172","135,078","149,487",10,"23,083",-68
465,John Penrose,Conservative,Weston-super-Mare,"13,564",0,"28,673","90,639","4,624","5,537","3,340","8,318","154,695","143,700",8,"21,211",-36
466,Anne Moffat,Labour,East Lothian,"22,595",0,"26,974","96,275","21,630","1,721",0,"11,263","180,457","168,255",7,"23,083",-2
467,Eric Pickles,Conservative,Brentwood & Ongar,"4,496",0,"10,070","92,097","3,555","5,227",0,"11,863","127,307","135,829",6,"13,689",-67
468,James Plaskitt,Labour,Warwick & Leamington,"17,800",0,"21,818","99,572","4,710","6,978",0,"10,151","161,029","156,552",3,"22,884",-22
469,Greg Pope,Labour,Hyndburn,"21,614",0,"24,742","90,653","15,352","3,275",0,"9,924","165,559","161,688",2,"22,211",-3
470,Stephen Pound,Labour,Ealing North,0,"2,916","7,338","111,938","3,813","4,770",0,"7,634","138,409","137,950",0,0
471,Bridget Prentice,Labour,Lewisham East,0,"2,916","31,982","89,613",767,"5,890",0,"9,497","140,665","131,352",7,0
472,Gordon Prentice,Labour,Pendle,"17,110",0,"14,071","70,733","8,499","5,064",0,"9,520","124,998","136,847",9,"20,313",-16
473,John Prescott,Labour,Hull East,"24,006",0,"12,891","101,062","15,983","2,356",0,0,"156,298","141,644",10,"23,083",4
474,Adam Price,Plaid Cymru,Carmarthen East & Dinefwr,"16,610",0,"20,938","96,494","10,304","1,703",0,"6,371","152,420","149,664",2,"22,788",-27
475,Dawn Primarolo,Labour,Bristol South,"20,798",0,"18,901","100,286","6,414","3,092",0,"9,686","159,177","150,616",6,"23,083",-10
476,Mark Prisk,Conservative,Hertford & Stortford,"17,069",0,"23,693","96,610","4,519","2,835","1,173","5,079","150,978","147,195",3,"20,733",-18
477,Mark Pritchard,Conservative,The Wrekin,"24,006",0,"20,318","88,109","13,299","5,996",0,"21,269","172,997","161,827",7,"23,083",4
478,Gwyn Prosser,Labour,Dover,"12,709",0,"18,126","89,359","2,877","3,536",0,225,"126,832","134,083",5,"14,611",-13
479,John Pugh,Liberal Democrat,Southport,"23,970",0,"15,617","92,140","4,572","2,690",0,"7,931","146,920","133,355",10,"23,083",4
480,Ken Purchase,Labour,Wolverhampton North East,"11,091",0,"19,595","86,528","7,560","2,536",346,"12,005","139,661","144,250",3,"14,713",-25
481,James Purnell,Labour,Stalybridge & Hyde,"20,950",0,"21,945","93,716","10,651","1,384",0,"5,218","153,864","129,564",19,"21,209",-1
482,Bill Rammell,Labour,Harlow,"4,212",0,"22,327","98,819","1,883","4,473",0,"10,499","142,213","144,340",1,"12,928",-67
483,John Randall,Conservative,Uxbridge,0,"2,916","14,219","78,596","3,196","2,164",0,0,"101,090","98,903",2,0
484,Nick Raynsford,Labour,Greenwich & Woolwich,0,"2,916","16,544","91,556",0,"2,347",0,"6,004","119,367","117,562",2,0
485,John Redwood,Conservative,Wokingham,"19,931",0,"8,562","55,490","2,649","1,337",0,"5,660","93,629","105,917",12,"22,729",-12
486,Andy Reed,Labour,Loughborough,"20,387",0,"22,061","98,010","6,615","2,385",0,"9,952","159,409","151,604",5,"22,568",-10
487,Jamie Reed,Labour,Copeland,"21,344",0,"23,498","95,442","19,904","2,818",0,"10,460","173,466","169,587",2,"22,516",-5
488,Alan Reid,Liberal Democrat,Argyll and Bute,"16,111",0,"19,201","79,740","18,146","2,425",0,"12,587","148,210","133,927",11,"15,489",4
489,John Reid,Labour,Airdrie and Shotts,"15,029",0,"26,724","81,284","7,134","1,729",0,"3,179","135,078","160,209",16,"23,083",-35
490,Willie Rennie,Liberal Democrat,Dunfermline & West Fife,"21,709",0,"18,055","94,537","17,212","4,262","1,339","14,814","171,929","163,202",5,"21,220",2
491,Malcolm Rifkind,Conservative,Kensington & Chelsea,0,"2,916","12,436","91,378","2,562","2,241",0,"1,868","113,401","119,685",5,0
492,Linda Riordan,Labour,Halifax,"23,215",0,"19,335","94,137","13,758","2,525",0,"12,918","165,888","154,568",7,"23,083",1
493,Andrew Robathan,Conservative,Blaby,"24,006",0,"8,931","65,135","8,484","1,611","3,515",0,"111,682","109,594",2,"23,083",4
494,Angus Robertson,SNP,Moray,"22,200",0,"33,821","96,503","25,690","2,285",0,"7,666","188,164","165,879",13,"23,082",-4
495,Hugh Robertson,Conservative,Faversham & Kent Mid,"23,926",0,"11,793","86,404","5,942","2,767",0,0,"130,831","123,820",6,"23,083",4
496,John Robertson,Labour,Glasgow North West,"20,761",0,"19,032","96,640","20,110","1,361",0,"5,691","163,596","152,542",7,"20,809",0
497,Laurence Robertson,Conservative,Tewkesbury,"24,006",0,"19,690","102,707","15,962","2,269",0,"7,065","171,699","162,749",5,"23,083",4
498,Geoffrey Robinson,Labour,Coventry North West,0,0,"11,042","99,643","14,636","2,122",0,"10,163","137,606","127,063",8,0
499,Iris Robinson,DUP,Strangford,"16,814",0,"6,024","78,542","10,908","1,908",0,714,"114,910","125,473",8,"20,478",-18
500,Peter Robinson,DUP,East Belfast,"19,751",0,"10,989","98,873","12,566","1,951",0,"11,147","155,278","128,174",21,"19,864",-1
501,Dan Rogerson,Liberal Democrat,Cornwall North,"22,118",0,"23,060","94,607","11,050","5,319",0,"7,527","163,681","150,809",9,"22,931",-4
502,Terry Rooney,Labour,Bradford North,"10,774",0,"18,202","88,832","14,450","4,190",0,"1,965","138,413","137,978",0,"13,980",-23
503,Andrew Rosindell,Conservative,Romford,"23,646",0,"11,896","109,262","3,238","5,916",0,"10,394","164,353","156,832",5,"23,083",2
504,Paul Rowen,Liberal Democrat,Rochdale,"21,884",0,"24,860","96,219","14,303","5,422",0,"10,050","172,738","164,139",5,"23,083",-5
505,Frank Roy,Labour,Motherwell & Wishaw,"16,033",0,"16,558","100,128","17,778","3,176",0,"12,768","166,442","158,637",5,"21,365",-25
506,Lindsay Roy,Labour,Glenrothes,"9,934",0,"8,957","25,823","9,309","2,225",0,"12,066","68,314"
507,Chris Ruane,Labour,Vale of Clwyd,"23,940",0,"18,571","100,201","5,906","6,971",0,"11,099","166,688","159,935",4,"23,076",4
508,Joan Ruddock,Labour,Lewisham Deptford,0,"2,916","21,042","100,612",228,"4,181",0,"7,307","136,287","131,237",4,0
509,David Ruffley,Conservative,Bury St Edmunds,"13,152",0,"17,283","95,085","6,579","4,061",0,"10,374","146,535","151,941",4,"13,760",-4
510,Bob Russell,Liberal Democrat,Colchester,"5,082",0,"27,769","94,054","5,775","4,985",412,"10,892","148,968","144,373",3,"10,963",-54
511,Christine Russell,Labour,City of Chester,"19,274",0,"20,231","96,069","11,399","2,940",0,"5,072","154,985","156,749",1,"21,359",-10
512,Joan Ryan,Labour,Enfield North,"18,283",0,"17,095","98,363","1,208","6,914",0,"17,538","159,401","151,954",5,"21,658",-16
513,Alex Salmond,SNP,Banff and Buchan,589,0,"18,053","96,353","5,418","6,980",0,"3,924","131,317","139,233",6,"14,130",-96
514,Martin Salter,Labour,Reading West,0,0,"21,325","95,040","8,872",937,0,"11,545","137,719","132,263",4,0
515,Adrian Sanders,Liberal Democrat,Torbay,"18,225",0,"18,704","95,347","8,870","6,850","1,707","9,731","159,434","164,063",3,"19,924",-9
516,Mohammad Sarwar,Labour,Glasgow Central,"24,006",0,"23,213","99,105","31,310","5,054",0,"10,299","192,987","174,882",10,"22,745",6
517,Lee Scott,Conservative,Ilford North,0,"2,916","14,176","97,667","3,760","1,532",0,"7,388","127,439","120,079",6,0
518,Alison Seabeck,Labour,Plymouth Devonport,"17,960",0,"22,073","96,949","10,359","5,349",0,"9,433","162,122","151,396",7,"20,037",-10
519,Andrew Selous,Conservative,Bedfordshire South West,"22,297",0,"7,878","93,763","5,829","6,943",0,"5,841","142,551","138,628",3,"23,074",-3
520,Grant Shapps,Conservative,Welwyn Hatfield,"4,104",0,"15,834","87,976","7,843","2,017",0,"2,487","120,261","127,152",5,"7,269",-44
521,Virendra Sharma,Labour,Ealing Southall,0,"2,916","25,470","102,095","1,730","3,802",0,"11,124","147,137","93,052",58,0
522,Jonathan Shaw,Labour,Chatham & Aylesford,"21,220",0,"16,738","103,828","1,953","3,024",0,"12,217","158,979","151,423",5,"21,254",0
523,Barry Sheerman,Labour,Huddersfield,"22,577",0,"18,751","100,024","16,034","6,732",0,"10,812","174,930","160,353",9,"23,083",-2
524,Richard Shepherd,Conservative,AldridgeBrownhills,"6,665",0,"13,484","66,249","5,889",909,0,0,"93,196","113,658",18,"15,402",-57
525,Jim Sheridan,Labour,Paisley & Renfrewshire North,"24,006",0,"20,976","93,595","18,888","6,370",0,"13,984","177,819","152,989",16,"23,083",4
526,Clare Short,IND Labour,Birmingham Ladywood,"10,819",0,"5,531","108,694","7,649","4,926",0,0,"137,619","139,210",1,"14,420",-25
527,Mark Simmonds,Conservative,Boston & Skegness,"24,006",0,"16,139","102,923","12,246","2,773","11,173","8,757","178,017","153,873",16,"23,083",4
528,Sin Simon,Labour,Birmingham Erdington,"23,820",0,"26,144","99,170","6,339","6,939",0,"13,254","175,666","158,992",10,"22,975",4
529,Alan Simpson,Labour,Nottingham South,"23,654",0,"21,336","100,909","10,895","5,993",0,"7,392","170,179","156,286",9,"23,083",2
530,David Simpson,DUP,Upper Bann,"19,664",0,"13,210","91,348","21,274","1,624",0,"10,115","157,235","158,903",1,"21,770",-10
531,Keith Simpson,Conservative,Norfolk Mid,"21,768",0,"21,985","86,494","8,174","1,729",0,"8,097","148,248","160,087",7,"22,076",-1
532,Marsha Singh,Labour,Bradford West,"19,237",0,"21,537","109,940","12,365","1,805",0,"9,563","174,447","143,353",22,"22,964",-16
533,Dennis Skinner,Labour,Bolsover,"12,230",0,"1,541","47,093","5,502","1,831",0,48,"68,245","66,933",2,"11,323",8
534,Andrew Slaughter,Labour,Ealing Acton & Shepherd's Bush,0,"2,916","25,374","96,736","2,719","6,993",0,"7,476","142,214","137,153",4,0
535,Angela E. Smith,Labour,Basildon,"9,698",0,"16,167","104,523","3,081","3,970",0,"9,174","146,613","141,131",4,"14,618",-34
536,Andrew Smith,Labour,Oxford East,"9,276",0,"18,643","102,731","2,956","6,558","1,329","9,311","150,804","152,389",1,"13,306",-30
537,Angela C. Smith,Labour,"Sheffield, Hillsborough","23,254",0,"21,864","99,433","10,161","6,999",0,"10,371","172,082","150,240",15,"22,843",2
538,Geraldine Smith,Labour,Morecambe & Lunesdale,"21,744",0,"19,659","96,657","17,685","2,926",0,"15,481","174,152","166,097",5,"23,035",-6
539,Jacqui Smith,Labour,Redditch,"19,182",0,"15,784","91,998","8,845","2,634",0,"6,062","144,505","157,631",8,"22,948",-16
540,John Smith,Labour,Vale of Glamorgan,"22,244",0,"19,857","93,955","9,002","4,692",0,"9,624","159,374","148,514",7,"23,083",-4
541,Robert Smith,Liberal Democrat,Aberdeenshire West and Kincardine,"15,461",0,"15,759","84,346","18,794","2,245",0,"13,611","150,216","160,316",6,"19,039",-19
542,Anne Snelgrove,Labour,Swindon South,"15,006",0,"21,491","93,446","8,781","4,752",0,"10,671","154,147","157,229",2,"20,913",-28
543,Nicholas Soames,Conservative,Sussex Mid,"19,391",0,"21,793","98,651","1,832","2,651",0,"7,433","151,752","148,424",2,"21,869",-11
544,Peter Soulsby,Labour,Leicester South,"24,006",0,"21,807","99,680","9,302","2,537",0,"7,187","164,519","156,951",5,"23,051",4
545,Helen Southworth,Labour,Warrington South,"15,562",0,"18,452","97,847","9,847","2,877",0,"7,039","151,624","138,699",9,"17,643",-12
546,Caroline Spelman,Conservative,Meriden,"7,524",0,"15,782","48,958","16,090","3,073","1,311","9,049","101,786","120,832",16,"10,760",-30
547,John Spellar,Labour,Warley,"10,460",0,"12,297","101,038","4,735","2,968",0,516,"132,015","124,326",6,"11,779",-11
548,Michael Spicer,Conservative,Worcestershire West,"20,440",0,"7,185","50,285","4,044","2,985",0,"24,817","109,756","109,208",1,"21,162",-3
549,Bob Spink,UKIP,Castle Point,"21,875",0,"13,463","89,739","6,461","5,726",0,"9,305","146,568","140,987",4,"23,083",-5
550,Richard Spring,Conservative,Suffolk West,"23,992",0,"10,993","76,210","5,310","3,055",0,"8,499","128,058","139,024",8,"23,083",4
551,John Stanley,Conservative,Tonbridge & Malling,"21,931",0,"5,534","65,745","1,423","4,762",0,0,"99,395","99,796",0,"22,252",-1
552,Phyllis Starkey,Labour,Milton Keynes South West,"16,670",0,"11,571","100,572","6,008","6,758",0,"15,582","157,162","154,767",2,"17,969",-7
553,Anthony Steen,Conservative,Totnes,"19,764",0,"13,813","100,311","14,539","3,739",0,"12,214","164,379","160,957",2,"23,083",-14
554,Ian Stewart,Labour,Eccles,"21,600",0,"13,164","104,974","12,606","1,888",0,"1,439","155,671","164,590",5,"21,600",0
555,Howard Stoate,Labour,Dartford,"11,255",0,"18,001","103,964","3,635","2,434",0,"10,372","149,662","151,660",1,"17,883",-37
556,Gavin Strang,Labour,Edinburgh East,"9,521",0,"16,008","94,712","19,534","2,501",0,"10,707","152,984","157,571",3,"11,081",-14
557,Jack Straw,Labour,Blackburn,"6,275",0,"23,515","93,448","5,291","6,521",0,"7,836","142,887","126,367",13,"8,039",-22
558,Gary Streeter,Conservative,Devon South West,"23,589",0,"20,635","98,353","12,763","2,454",0,"4,924","162,719","153,644",6,"22,096",7
559,Graham Stringer,Labour,Manchester Blackley,"19,536",0,"14,521","76,811","14,467","6,042",0,"1,323","132,700","126,260",5,"20,042",-3
560,Graham Stuart,Conservative,Beverley & Holderness,"21,486",0,"17,122","104,643","10,296","5,349",0,"9,313","168,209","150,286",12,"22,410",-4
561,Gisela Stuart,Labour,Birmingham Edgbaston,"19,280",0,"27,033","90,289","7,525","4,606","5,159","10,306","164,198","154,100",7,"18,245",6
562,Andrew Stunell,Liberal Democrat,Hazel Grove,"12,403",0,"12,839","100,170","4,006","2,980",0,"15,796","148,194","141,206",5,"15,383",-19
563,Gerry Sutcliffe,Labour,Bradford South,"15,079",0,"17,945","94,218","20,556","2,969","1,067","8,868","160,702","146,023",10,"11,640",30
564,Desmond Swayne,Conservative,New Forest West,"12,558",0,"7,654","64,335","3,771","1,686",0,269,"90,273","94,753",5,"15,957",-21
565,Jo Swinson,Liberal Democrat,Dunbartonshire East,"19,859",0,"21,262","78,518","13,939","2,512",0,"9,286","145,377","157,241",8,"23,083",-14
566,Hugo Swire,Conservative,Devon East,"23,103",0,"11,609","110,700","10,823","2,186",0,"3,216","161,637","151,616",7,"22,802",1
567,Robert Syms,Conservative,Poole,"24,000",0,"19,922","82,869","5,682","1,347",0,"5,861","139,681","138,917",1,"23,083",4
568,Mark Tami,Labour,Alyn & Deeside,"19,988",0,"19,022","102,316","8,869","3,761",0,"6,628","160,584","144,749",11,"23,079",-13
569,Peter Tapsell,Conservative,Louth & Horncastle,"24,006",0,"12,153","110,245","6,770","2,637",0,"1,401","157,212","146,681",7,"23,083",4
570,Dari Taylor,Labour,Stockton South,"18,781",0,"14,730","79,800","20,007","3,288",0,"9,893","146,499","157,106",7,"21,170",-11
571,Ian Taylor,Conservative,Esher & Walton,"24,006",0,"6,753","111,652","4,370","3,547","21,401","7,771","179,501","152,963",17,"23,083",4
572,Matthew Taylor,Liberal Democrat,Truro & St Austell,"23,963",0,"21,738","99,723","10,062","5,819","5,408","9,960","176,673","162,040",9,"23,083",4
573,Richard Taylor,IND,Wyre Forest,"19,984",0,"6,726","63,840","5,230","1,236",0,0,"97,016","86,484",12,"19,698",1
574,Sarah Teather,Liberal Democrat,Brent East,0,"2,916","25,379","95,094","1,366","4,133",0,"10,314","139,201","126,426",10,0
575,Gareth Thomas,Labour,Harrow West,"7,950",0,"16,982","103,544",551,"2,690",0,"10,789","142,506","136,231",5,"11,748",-32
576,Emily Thornberry,Labour,Islington South & Finsbury,0,"2,916","17,907","100,727",0,"6,939",0,"14,163","142,652","132,390",8,0
577,John Thurso,Liberal Democrat,"Caithness, Sutherland and Easter Ross","21,633",0,"13,013","93,990","34,405","4,613",0,"11,035","178,689","144,323",24,"21,448",1
578,Stephen Timms,Labour,East Ham,0,"2,916","4,904","97,695",0,"4,272",0,"6,557","116,345","119,225",2,0
579,Edward Timpson,Conservative,Crewe and Nantwich,"10,141",0,"26,553","92,123","2,803","5,552",0,"11,568","148,741"
580,Paddy Tipping,Labour,Sherwood,"13,131",0,"20,908","92,133","13,209","5,317",0,"11,751","156,449","151,383",3,"14,227",-8
581,Mark Todd,Labour,Derbyshire South,"9,870",0,"13,546","104,426","10,964","3,890",0,"7,540","150,235","150,264",0,"19,023",-48
582,Don Touhig,Labour,Islwyn,"23,899",0,"15,306","106,544","7,678","4,019",0,"6,050","163,496","157,499",4,"23,080",4
583,David Tredinnick,Conservative,Bosworth,"24,006",0,"10,599","105,232","6,693",821,0,"3,913","151,264","143,039",6,"23,083",4
584,Jon Trickett,Labour,Hemsworth,"2,200",0,"17,619","96,553","10,560","6,079",0,"12,399","145,409","138,359",5,"6,141",-64
585,Paul Truswell,Labour,Pudsey,"10,211",0,"4,578","95,418","6,702","7,000",803,"8,505","133,217","145,773",9,"15,861",-36
586,Andrew Turner,Conservative,Isle of Wight,"15,091",0,"13,199","79,175","5,333","3,080","1,808","4,928","122,614","137,641",11,"19,953",-24
587,Desmond Turner,Labour,"Brighton, Kemptown","14,566",0,"20,458","99,013","5,511","2,149","9,259","10,275","161,231","144,164",12,"12,321",18
588,Neil Turner,Labour,Wigan,"20,148",0,"14,417","98,627","10,530","5,968",0,"6,750","156,441","161,218",3,"22,979",-12
589,Derek Twigg,Labour,Halton,"20,094",0,"12,961","73,276","13,225","3,097",0,"9,727","132,380","121,424",9,"16,800",20
590,Andrew Tyrie,Conservative,Chichester,"22,726",0,"11,507","85,003","4,600","2,647",0,0,"126,483","136,832",8,"23,083",-2
591,Kitty Ussher,Labour,Burnley,"23,671",0,"28,474","92,548","17,393","6,885",0,"12,596","181,567","155,388",17,"22,767",4
592,Ed Vaizey,Conservative,Wantage,"18,968",0,"11,528","77,704","5,724","2,345","2,052","1,270","119,591","144,088",17,"23,083",-18
593,Shailesh Vara,Conservative,Cambridgeshire North West,"23,475",0,"7,952","106,662","7,807","2,196",0,"2,143","150,235","134,585",12,"22,839",3
594,Keith Vaz,Labour,Leicester East,"23,831",0,"10,616","110,765","11,628","6,715",0,"10,383","173,937","161,358",8,"20,787",15
595,Peter Viggers,Conservative,Gosport,"24,006",0,"16,747","67,417","5,260","1,649",0,"8,979","124,058","141,766",12,"23,083",4
596,Theresa Villiers,Conservative,Chipping Barnet,"18,827",0,"17,445","93,085","2,826","4,288",0,"6,859","143,330","142,696",0,"18,181",4
597,Rudi Vis,Labour,Finchley & Golders Green,"22,142",0,"18,697","90,385","5,560","4,213",0,"1,772","142,769","156,728",9,"23,083",-4
598,Charles Walker,Conservative,Broxbourne,0,0,"9,541","102,289","3,258","1,162",0,"6,076","122,326","123,133",1,"10,358",-100
599,Ben Wallace,Conservative,Lancaster & Wyre,"24,006",0,"17,098","103,743","19,174","3,163",0,"6,562","173,746","175,523",1,"23,083",4
600,Joan Walley,Labour,Stoke-on-Trent North,"11,436",0,"18,937","84,259","12,700","6,202",0,"10,031","143,565","146,719",2,"12,017",-5
601,Lynda Waltho,Labour,Stourbridge,"24,006",0,"22,508","88,781","8,794","6,418",0,"9,395","159,903","144,615",11,"16,625",44
602,Robert Walter,Conservative,Dorset North,"20,416",0,"15,817","98,624","9,026","4,054",0,"12,310","160,247","133,170",20,"22,496",-9
603,Claire Ward,Labour,Watford,"24,006",0,"14,482","101,328","2,050","2,398",0,"8,407","152,671","147,200",4,"23,083",4
604,Robert Wareing,IND,Liverpool West Derby,"13,673",0,"16,920","105,395","13,938","1,352","6,867","5,205","163,350","163,775",0,"19,683",-31
605,Nigel Waterson,Conservative,Eastbourne,"18,045",0,"17,986","104,412","5,840","3,066",0,"8,814","158,162","155,232",2,"23,083",-22
606,Angela Watkinson,Conservative,Upminster,"13,181",0,"19,053","86,525","1,696","2,955",0,"7,264","130,674","128,205",2,"21,234",-38
607,Tom Watson,Labour,West Bromwich East,"14,487",0,"16,882","78,304","7,224","6,990",0,"5,978","129,866","143,248",9,"16,069",-10
608,Dave Watts,Labour,St Helens North,"8,334",0,"31,968","64,591","12,953","2,449",0,"9,135","129,430","123,836",5,"11,632",-28
609,Steve Webb,Liberal Democrat,Northavon,"19,741",0,"19,116","101,427","9,537","3,661",0,"8,616","162,098","158,796",2,"22,913",-14
610,Mike Weir,SNP,Angus,"21,544",0,"17,463","81,670","12,774","1,305",0,"8,456","143,212","143,525",0,"21,561",0
611,Alan Whitehead,Labour,Southampton Test,"11,808",0,"20,318","95,739","5,351","6,995",0,"11,893","152,104","144,689",5,"14,190",-17
612,John Whittingdale,Conservative,Maldon & Chelmsford East,"17,828",0,"8,817","85,711","4,744","1,729",0,"10,512","129,341","119,116",9,"23,083",-23
613,Malcolm Wicks,Labour,Croydon North,0,"2,916","22,020","100,372",486,"5,479",0,"8,431","139,704","131,601",6,0
614,Ann Widdecombe,Conservative,Maidstone & The Weald,"2,105",0,"19,159","97,292","1,239","2,901",0,0,"122,696","115,728",6,858,145
615,Bill Wiggin,Conservative,Leominster,"12,688",0,"15,721","92,294","8,493","4,664",0,"1,917","135,777","155,564",13,"23,083",-45
616,Alan Williams,Labour,Swansea West,"5,075",0,"11,050",0,"4,021","2,001",0,0,"22,146","80,526",72,"5,221",-3
617,Betty Williams,Labour,Conwy,"12,920",0,"11,548","69,542","15,611","6,095",200,0,"115,916","146,087",21,"13,989",-8
618,David Willetts,Conservative,Havant,"22,691",0,"24,655","96,388","8,896","3,767",250,"6,160","162,807","153,073",6,"22,899",-1
619,Hywel Williams,Plaid Cymru,Caernarfon,"19,885",0,"18,389","97,721","13,603","3,708",0,"3,824","157,130","165,765",5,"23,078",-14
620,Jenny Willott,Liberal Democrat,Cardiff Central,"23,187",0,"19,289","83,063","6,618",446,"3,978","5,382","141,963","149,594",5,"23,083",0
621,Mark Williams,Liberal Democrat,Ceredigion,"21,625",0,"18,700","94,667","15,585","2,969",0,"12,919","166,466","145,483",14,"19,787",9
622,Michael Wills,Labour,Swindon North,"18,582",0,"11,951","94,398","1,887","6,972",0,"8,748","142,539","153,138",7,"20,766",-11
623,Phil Willis,Liberal Democrat,Harrogate & Knaresborough,"23,640",0,"24,251","108,264","14,558","2,062",0,"10,300","183,075","167,561",9,"22,905",3
624,Roger Williams,Liberal Democrat,Brecon & Radnorshire,"19,359",0,"10,594","97,530","8,115","3,845",0,"9,467","148,910","141,625",5,"20,486",-5
625,Stephen Williams,Liberal Democrat,Bristol West,"23,301",0,"22,129","88,858","6,600","2,317",0,"15,406","158,611","145,585",9,"20,721",12
626,David Wilshire,Conservative,Spelthorne,"24,006",0,"20,321","86,619","9,977","6,906",0,"10,484","158,313","160,542",1,"23,083",4
627,Phil Wilson,Labour,Sedgefield,"21,995",0,"23,555","78,467","24,352",853,0,"2,711","151,933","117,268",30,"17,312",27
628,Rob Wilson,Conservative,Reading East,0,0,"20,250","97,938","8,174","2,784",0,"10,371","139,517","132,218",6,0
629,Sammy Wilson,DUP,East Antrim,"16,855",0,"20,795","88,578","18,946","4,740",0,"6,045","155,959","156,932",1,"14,557",16
630,David Winnick,Labour,Walsall North,"10,045",0,"12,166","93,360","5,779",698,0,"4,047","126,095","96,202",31,"9,530",5
631,Ann Winterton,Conservative,Congleton,"22,404",0,"14,139","68,579","3,905","3,944",0,0,"112,971","121,352",7,"20,194",11
632,Nicholas Winterton,Conservative,Macclesfield,"21,521",0,"5,489","74,750","6,018","2,758",0,0,"110,536","89,133",24,"14,918",44
633,Rosie Winterton,Labour,Doncaster Central,"16,762",0,"19,001","59,702","4,730",962,0,"8,129","109,285","136,199",20,"21,631",-23
634,Pete Wishart,SNP,Perth and North Perthshire,"19,900",0,"23,364","94,963","24,079","4,806",0,"8,784","175,896","167,846",5,"21,737",-8
635,Mike Wood,Labour,Batley & Spen,"11,363",0,"12,293","97,871","5,348","5,084",0,"8,714","140,673","144,984",3,"17,976",-37
636,Roberta Blackman-Woods,Labour,City of Durham,"21,785",0,"18,167","109,530","15,269","5,473",0,"13,769","183,993","158,136",16,"23,041",-5
637,Shaun Woodward,Labour,St Helens South,"21,417",0,"25,708","95,214","5,196","2,783","12,423","3,506","166,247","152,822",9,"23,083",-7
638,Phil Woolas,Labour,Oldham East & Saddleworth,"23,988",0,"23,200","94,102","23,119","2,588",0,"10,489","177,486","169,427",5,"23,083",4
639,Tony Wright,Labour,Cannock Chase,"16,079",0,"13,884","98,359","9,058","4,648",0,153,"142,182","125,602",13,"16,162",-1
640,Anthony Wright,Labour,Great Yarmouth,"12,770",0,"19,673","76,695","8,081","2,320",0,"3,935","123,474","154,625",20,"23,083",-45
641,David Wright,Labour,Telford,"24,006",0,"12,540","95,867","7,183","2,359",0,"12,707","154,663","154,848",0,"22,573",6
642,Iain Wright,Labour,Hartlepool,"15,418",0,"13,968","90,191","6,759","3,527",0,"6,430","136,293","142,848",5,"17,882",-14
643,Jeremy Wright,Conservative,Rugby & Kenilworth,"20,540",0,"20,815","90,622","5,597","2,399",0,"6,231","146,204","135,604",8,"20,409",1
644,Derek Wyatt,Labour,Sittingbourne & Sheppey,"23,984",0,"21,540","78,058","4,468","3,548",0,"10,818","142,415","156,157",9,"23,083",4
645,Tim Yeo,Conservative,Suffolk South,"24,006",0,"15,340","98,593","5,704","2,430",0,"8,401","154,474","153,358",1,"23,083",4
646,George Young,Conservative,Hampshire North West,"23,297",0,"14,577","106,380","5,653","4,054",0,"1,846","155,807","128,883",21,"23,083",1
647,Richard Younger-Ross,Liberal Democrat,Teignbridge,"22,414",0,"27,909","79,238","13,839","5,215",0,"6,996","155,611","157,841",1,"22,228",1
,TOTALS,,,"10,544,187","148,904","11,235,845","59,690,050","5,907,291","2,421,668","516,054","5,112,591","95,576,589","92,627,235",3,"11,538,807",-9